<?xml version="1.0" encoding="UTF-8" standalone="yes"?>
<mojos>
    <applicationHandler>
        <groupId>com.photon.phresco.commons</groupId>
        <artifactId>phresco-commons</artifactId>
        <version>2.3.1.2000</version>
        <class>com.photon.phresco.impl.AndroidApplicationProcessor</class>
        <selectedFeatures>[{&quot;groupId&quot;:&quot;com.google.code.gson&quot;,&quot;artifactId&quot;:&quot;gson&quot;,&quot;packaging&quot;:&quot;jar&quot;,&quot;versions&quot;:[{&quot;artifactGroupId&quot;:&quot;mod_googlegson&quot;,&quot;version&quot;:&quot;2.2.1&quot;,&quot;used&quot;:false,&quot;fileSize&quot;:0,&quot;appliesTo&quot;:[{&quot;techId&quot;:&quot;tech-android-native&quot;,&quot;required&quot;:false}],&quot;scope&quot;:&quot;compile&quot;,&quot;id&quot;:&quot;mod_googlegson_tech_android_native2.2.1&quot;,&quot;name&quot;:&quot;GoogleGSON&quot;,&quot;creationDate&quot;:&quot;Sep 29, 2012 10:54:58 AM&quot;,&quot;system&quot;:false}],&quot;type&quot;:&quot;FEATURE&quot;,&quot;appliesTo&quot;:[{&quot;techId&quot;:&quot;tech-android-native&quot;,&quot;core&quot;:false}],&quot;licenseId&quot;:&quot;7e680248-da51-4cde-bf5c-2c219f7d6377&quot;,&quot;customerIds&quot;:[&quot;photon&quot;],&quot;used&quot;:false,&quot;id&quot;:&quot;mod_googlegson&quot;,&quot;name&quot;:&quot;GoogleGSON&quot;,&quot;displayName&quot;:&quot;GoogleGSON&quot;,&quot;description&quot;:&quot;Gson is a Java library that can be used to convert Java Objects into their JSON representation. It can also be used to convert a JSON string to an equivalent Java object. Gson can work with arbitrary Java objects including pre-existing objects that you do not have source-code of\n\n&quot;,&quot;helpText&quot;:&quot;Gson is a Java library that can be used to convert Java Objects into their JSON representation. &quot;,&quot;creationDate&quot;:&quot;Jul 15, 2013 4:58:13 PM&quot;,&quot;system&quot;:true}]</selectedFeatures>
        <deletedFeatures>[]</deletedFeatures>
        <selectedWebService>[{&quot;version&quot;:&quot;1.0&quot;,&quot;appliesToTechs&quot;:[&quot;tech-android-native&quot;,&quot;tech-android-hybrid&quot;,&quot;tech-html5-mobile-widget&quot;,&quot;tech-html5-jquery-widget&quot;,&quot;tech-html5-widget&quot;,&quot;tech-iphone-hybrid&quot;,&quot;tech-iphone-native&quot;],&quot;id&quot;:&quot;restjson&quot;,&quot;name&quot;:&quot;REST/JSON&quot;,&quot;description&quot;:&quot;REST JSON web services&quot;,&quot;creationDate&quot;:&quot;Oct 1, 2012 6:00:22 PM&quot;,&quot;system&quot;:true}]</selectedWebService>
    </applicationHandler>
</mojos>
