<!--

    PHR_DrupalEshop

    Copyright (C) 1999-2013 Photon Infotech Inc.

    Licensed under the Apache License, Version 2.0 (the "License");
    you may not use this file except in compliance with the License.
    You may obtain a copy of the License at

            http://www.apache.org/licenses/LICENSE-2.0

    Unless required by applicable law or agreed to in writing, software
    distributed under the License is distributed on an "AS IS" BASIS,
    WITHOUT WARRANTIES OR CONDITIONS OF ANY KIND, either express or implied.
    See the License for the specific language governing permissions and
    limitations under the License.

--><environment>
           <Browser/>
		   
          

<Server desc="" name="Server">
        <context>Drupal7None</context>
        <admin_username/>
        <deploy_dir>C:/wamp/www/</deploy_dir>
        <additional_context/>
        <port>80</port>
        <admin_password/>
        <version>2.3</version>
        <type>Apache Server</type>
        <remoteDeployment>false</remoteDeployment>
        <host>localhost</host>
        <protocol>http</protocol>
    </Server>
</environment>
