{
  "capabilities":
      [
        
      
        {
          "browserName": "firefox",
          "maxInstances": 1,
          "seleniumProtocol": "WebDriver"
        },
        {
          "browserName": "htmlunit",
          "maxInstances": 1,
          "seleniumProtocol": "WebDriver"
        },
		{
          "platform": "ANDROID",
          "browserName": "android",
          "maxInstances": 1,
		  "port": "8080",
		  "seleniumProtocol": "WebDriver"
        },
		 ],
  "configuration":
  {
    "proxy": "org.openqa.grid.selenium.proxy.DefaultRemoteProxy",
    "maxSession": 5,
    "port": 6666,
    "host": localhost,
    "register": true,
    "registerCycle": 5000,
    "hubPort": 4444,
	"hubHost": localhost,
  }
}

