<?xml version="1.0" encoding="UTF-8"?>
<environment>
<phresco>
<mobilewidget>

           <links>
               <browseWidget>//img[@src='images/eshop/browse_icon.png']</browseWidget>
               <browseWidgetTab>//a[contains(text(),'Browse')]</browseWidgetTab>
               <login>//img[@src='images/eshop/loginicon.png']</login>
               <register>//img[@src='images/eshop/register_icon.png']</register>
           </links>
	       <tabs>
	           <hometab>link=Home</hometab>
	          <!--  <televisiontab>//span[@class='listicontext']</televisiontab> -->
	          <televisiontab>//a/span[contains(text(),'Television')]</televisiontab> 
	           <computerstab>//a/span[contains(text(),'Computers')]</computerstab>
	           <mobiletab>//a/span[contains(text(),'Mobile Phones')]</mobiletab>
	           <audioDevicestab>//a/span[contains(text(),'Audio Devices')]</audioDevicestab>
	           <camerastab>//a/span[contains(text(),'Cameras')]</camerastab>
	           <tabletstab>//a/span[contains(text(),'Tablets')]</tabletstab>
	           <moviesNmusictab>//a/span[contains(text(),'Movies and Music')]</moviesNmusictab>
	           <videoGamestab>//a/span[contains(text(),'Video Games')]</videoGamestab>
	           <mp3Playerstab>//a/span[contains(text(),'MP3 Players')]</mp3Playerstab>
	           <accessoriestab>//a/span[contains(text(),'Accessories')]</accessoriestab>
	           <moretab>link=More</moretab>
	       </tabs>
	       <productPage>
	           <browsepgBackButton>//div[@id='header']/div/div/a/div/p</browsepgBackButton>
	           <review>//div[@id='scroller']/div[2]/ul/li/div/div[2]/div[2]/a/img</review>
	           <myShopCartReview>//div[@id='scroller']/div[2]/ul/li/div/div[2]/div[2]/a/img3</myShopCartReview>
	           <teleProd1Details>//a[contains(text(),'LG Electronics 42PW350 3D Plasma HDTV')]</teleProd1Details>
	           
	           
	           <compProd1Details>//a[contains(text(),'MacBook Air Notebook Computer')]</compProd1Details>
	           <mobileProd1Details>//a[contains(text(),'Apple iPhone 4')]</mobileProd1Details>
	           <audioProd1Details>//a[contains(text(),' Microphone ')]</audioProd1Details>
	           <camerasProd1Details>//a[contains(text(),' Canon ')]</camerasProd1Details>
	           <tabProd1Details>//a[contains(text(),' (Steel Blue)')]</tabProd1Details>
	           <MnMProd1Details>//a[contains(text(),' Production Suite ')]</MnMProd1Details>
	           <vidGamesProd1Details>//a[contains(text(),'Call of Duty: Modern Warfare 3')]</vidGamesProd1Details>
	           <mp3Prod1Details>//a[contains(text(),' Personal Media Player (8")')]</mp3Prod1Details>
	           <accessoriesProd1Details>//a[contains(text(),'Rain Cover')]</accessoriesProd1Details>
	           <updateCart>//a[contains(text(),'Update Cart')]</updateCart>
	           <addToCart>//img[@src='images/eshop/add_cart.png']</addToCart>
	           <viewMyCart>link=View My Cart</viewMyCart>
	           <checkout>//a[contains(text(),'Check Out')]</checkout>
	           <custInfo>//a[contains(text(),'Customer Information')]</custInfo>
	           <reviewOrder>//a[contains(text(),'Review Order')]</reviewOrder>
	           <submitOrder>//a[contains(text(),'Submit Order')]</submitOrder>
	           
	       </productPage>
	       <billingInfoPage>
	       	   <deliveryInfo>//a[contains(text(),'Delivery Information')]</deliveryInfo>
	       	   <billInfo>//a[contains(text(),'billing Information')]</billInfo>
	           <billInfocheckAddress>//input[@id='checkaddress']</billInfocheckAddress>
	           <billInfopaymentMethods>//a[contains(text(),'Payment Methods')]</billInfopaymentMethods>
	           <billInfoPayMethodCOD>(//input[@name=''])[3]</billInfoPayMethodCOD>
	           <billInfoPayMethodCheqOrCash>css=input[type="radio"]</billInfoPayMethodCheqOrCash>
	           <billInfoComments>//a[contains(text(),'Order Comments')]</billInfoComments>
	           <billInfoEmail>email</billInfoEmail>
	           <billInfoFirstName>deliveryfirstname</billInfoFirstName>
	           <billInfoGiveComments>comments</billInfoGiveComments>
	           <billInfoLastName>deliverylastname</billInfoLastName>
	           <billInfoPhoneNumber>deliveryphonenumber</billInfoPhoneNumber>
	           <billInfoPostCode>deliverypostcode</billInfoPostCode>
	           <billInfoState>deliverystate</billInfoState>
	           <billInfoCity>deliverycity</billInfoCity>
	           <billInfoAddress2>deliveryaddress2</billInfoAddress2>
	           <billInfoCompany>deliverycompany</billInfoCompany>
	           <billInfoAddress1>deliveryaddress1</billInfoAddress1>
	       </billingInfoPage>
</mobilewidget>
</phresco>
</environment>
