<environments>  
<environment appliesTo="" default="false" desc="" name="qa1">
        <Server desc="server configuration" name="server">
            <context>bestbuy</context>
            <deploy_dir>C:\tomcat-7.0 - new\webapps</deploy_dir>
            <admin_username>admin</admin_username>
            <additional_context>html</additional_context>
            <port>8080</port>
            <admin_password>admin</admin_password>
            <version>7.0.x</version>
            <type>Apache Tomcat</type>
            <remoteDeployment>false</remoteDeployment>
            <protocol>http</protocol>
            <host>localhost</host>
        </Server>
        <Database desc="Database Configuration" name="db">
            <version>11gR2</version>
            <port>8080</port>
            <password/>
            <type>oracle</type>
            <host>localhost</host>
            <dbname>bestbuy</dbname>
            <username>searchadmin</username>
            <passwordFile>/opt/app/search/.dbpass</passwordFile>
            <driverClassName>oracle.jdbc.OracleDriver</driverClassName>
            <url>jdbc:oracle:thin:@(DESCRIPTION=(LOAD_BALANCE=on)(FAILOVER=on)(ADDRESS=(PROTOCOL=TCP)(HOST=dlqafpdb01-vip)(PORT=1528))(ADDRESS=(PROTOCOL=TCP)(HOST=dlqafpdb02-vip)(PORT=1528))(CONNECT_DATA=(SERVICE_NAME=oq1pcm.na.bestbuy.com)))</url>
        </Database>
        <WebService name="ldap">
            <port>389</port>
            <password>Test@1234specials</password>
            <context>obestbuy.com</context>
            <host>devdirectory.bestbuy.com</host>
            <protocol>http</protocol>
            <username/>
        </WebService>
        <WebService name="DaaSAF">
            <port>8080</port>
            <password/>
            <context>DaaS/daas/service/jsonreceive/</context>
            <host>168.94.73.61</host>
            <protocol>http</protocol>
            <username/>
        </WebService>
        <WebService name="DaaSCF">
            <port>8080</port>
            <password/>
            <context>DaaS/daas/service/jsonreceive/</context>
            <host>168.94.73.61</host>
            <protocol>http</protocol>
            <username/>
        </WebService>
        <WebService name="ExternalWS">
            <port>8080</port>
            <password/>
            <context>search-api</context>
            <host>168.94.73.181</host>
            <protocol>http</protocol>
            <username/>
        </WebService>
        <WebService name="solr">
            <port>8080</port>
            <password/>
            <context>solr/products</context>
            <host>168.94.73.181</host>
            <protocol>http</protocol>
            <username/>
        </WebService>
        <Scheduler name="CFJobs">
            <facet.cron.exp>0 0/1 * * * ?</facet.cron.exp>
            <banner.cron.exp>0 0/1 * * * ?</banner.cron.exp>
            <keyword.status>3,8</keyword.status>
            <synonym.status>3,8</synonym.status>
            <banner.status>3,8</banner.status>
            <expired.cron.exp>0 0 0 * * ?</expired.cron.exp>
            <promo.cron.exp>0 0/1 * * * ?</promo.cron.exp>
            <attributes.cron.exp>0 0 0 * * ?</attributes.cron.exp>
            <data.source>BBY.com</data.source>
            <promo.status>3,8</promo.status>
            <delete.cron.exp>0 0 0 L * ?</delete.cron.exp>
            <keyword.cron.exp>0 0/1 * * * ?</keyword.cron.exp>
            <facet.status>3,8</facet.status>
            <daas.requestor.id>Dotcom</daas.requestor.id>
            <synonym.cron.exp>0 0/1 * * * ?</synonym.cron.exp>
        </Scheduler>
        <Scheduler name="AFJobs">
            <facet.cron.exp>0 0/5 * * * ?</facet.cron.exp>
            <banner.cron.exp>0 0/5 * * * ?</banner.cron.exp>
            <keyword.status>3,8</keyword.status>
            <synonym.status>3,8</synonym.status>
            <banner.status>3,8</banner.status>
            <expired.cron.exp/>
            <promo.cron.exp>0 0/5 * * * ?</promo.cron.exp>
            <attributes.cron.exp/>
            <data.source>BBY.com</data.source>
            <promo.status>3,8</promo.status>
            <delete.cron.exp/>
            <keyword.cron.exp>0 0/5 * * * ?</keyword.cron.exp>
            <facet.status>3,8</facet.status>
            <daas.requestor.id>BBY.com</daas.requestor.id>
            <synonym.cron.exp>0 0/5 * * * ?</synonym.cron.exp>
        </Scheduler>
        <Category name="CategoryXSL">
            <category.tree.xsl.path>/META-INF/stylesheets/categoryTree.xsl</category.tree.xsl.path>
            <category.nodes.xsl.path>/META-INF/stylesheets/categoryNodes.xsl</category.nodes.xsl.path>
        </Category>
    </environment>
	<environment appliesTo="" default="false" desc="" name="dr">
        <Server name="server">
            <context>bestbuy</context>
            <admin_username>admin</admin_username>
            <deploy_dir>C:\tomcat-7.0 - new\webapps</deploy_dir>
            <additional_context>html</additional_context>
            <port>8080</port>
            <admin_password>admin</admin_password>
            <version>7.0.x</version>
            <certificate/>
            <type>Apache Tomcat</type>
            <remoteDeployment>false</remoteDeployment>
            <protocol>http</protocol>
            <host>localhost</host>
        </Server>
        <Database desc="Database Configuration" name="db">
            <version>11gR2</version>
            <port>8080</port>
            <password/>
            <type>oracle</type>
            <host>localhost</host>
            <dbname>bestbuy</dbname>
            <username>searchadmin</username>
            <passwordFile>/opt/app/search/.dbpass</passwordFile>
            <driverClassName>oracle.jdbc.OracleDriver</driverClassName>
            <url>jdbc:oracle:thin:@(DESCRIPTION=(LOAD_BALANCE=on)(FAILOVER=on)(ADDRESS=(PROTOCOL=TCP)(HOST=hlrolsdb01-vip)(PORT=1527))(ADDRESS=(PROTOCOL=TCP)(HOST=hlrolsdb02-vip)(PORT=1527))(CONNECT_DATA=(SERVICE_NAME=or1pcm.na.bestbuy.com)))</url>
        </Database>
        <WebService name="ldap">
            <port>389</port>
			<password>Startstopspl@123</password>
			<context>o=bestbuy.com</context>
			<host>directory.bestbuy.com</host>
			<protocol>ldap</protocol>
			<timeout>30000</timeout>
			<username/>
        </WebService>
        <WebService name="DaaSAF">
            <port>28011</port>
			<password/>
			<context>DaaS/daas/service/jsonreceive/</context>
			<host>search-daas-dr.bestbuy.com</host>
			<protocol>http</protocol>
			<timeout>30000</timeout>
			<username/>
        </WebService>
        <WebService name="DaaSCF">
            <port>18011</port>
			<password/>
			<context>DaaS/daas/service/jsonreceive/</context>
			<host>search-daas-dr-af.bestbuy.com</host>
			<protocol>http</protocol>
			<timeout>30000</timeout>
			<username/>
        </WebService>
        <WebService name="ExternalWS">
            <port>18001</port>
			<password/>
			<context>search-api</context>
			<suggest.query.uri>/search-api/suggest/?term=</suggest.query.uri>
			<search.site.uri>/search-api/search/</search.site.uri>
			<host>search-dr-af.bestbuy.com</host>
			<protocol>http</protocol>
			<timeout>30000</timeout>
			<username/>
        </WebService>
        <WebService name="solr">
            <port>28091</port>
			<password/>
			<context>solr/products</context>
			<host>hlrafrsrcmrt101</host>
			<protocol>http</protocol>
			<timeout>30000</timeout>
			<username/>
        </WebService>
		<WebService name="DeleteSKUAF">
			<daas.requestor.id>Dotcom</daas.requestor.id>
			<port>28011</port>
			<password/>
			<context>DaaS</context>
			<removeSku.query.uri>/DaaS/daas/service/delete?sku=</removeSku.query.uri>
			<host>search-daas-dr.bestbuy.com</host>
			<protocol>http</protocol>
			<timeout>30000</timeout>
			<username/>
         </WebService>
		  <WebService name="DeleteSKUCF">
			<daas.requestor.id>Dotcom</daas.requestor.id>
			<port>18011</port>
			<password/>
			<context>DaaS</context>
			<removeSku.query.uri>/DaaS/daas/service/delete?sku=</removeSku.query.uri>
			<host>search-daas-dr-af.bestbuy.com</host>
			<protocol>http</protocol>
			<timeout>30000</timeout>
			<username/>
         </WebService>
		 <WebService name="CategoryTreeAF">
		    <daas.requestor.id>Dotcom</daas.requestor.id>
			<port>28011</port>
			<password/>
			<context>DaaS</context>
			<category.tree.query.uri>/DaaS/daas/service/categorytree</category.tree.query.uri>
			<host>search-daas-dr.bestbuy.com</host>
			<protocol>http</protocol>
			<timeout>30000</timeout>
			<username/>
		</WebService>
        <Scheduler name="CFJobs">
            <daas.requestor.id>Dotcom</daas.requestor.id>
			<data.source>BBY.com</data.source>
			<synonym.status>10,8</synonym.status>
			<synonym.cron.exp>0 0/15 * * * ?</synonym.cron.exp>
			<keyword.status>10,8</keyword.status>
			<keyword.cron.exp>0 0/15 * * * ?</keyword.cron.exp>
			<promo.status>10,8</promo.status>
			<promo.cron.exp>0 0/15 * * * ?</promo.cron.exp>
			<banner.status>10,8</banner.status>
			<banner.cron.exp>0 0/15 * * * ?</banner.cron.exp>
			<facet.status>10,8</facet.status>
			<facet.cron.exp>0 0/15 * * * ?</facet.cron.exp>
			<expired.cron.exp>0 0/15 * * * ?</expired.cron.exp>
			<delete.cron.exp>0 0 0 L * ?</delete.cron.exp>
			<attributes.cron.exp>0 0 8-4/2 * * ?</attributes.cron.exp>
			<attributes.scheduled.cron.exp>0 0 6 * * ?</attributes.scheduled.cron.exp>
        </Scheduler>
        <Scheduler name="AFJobs">
            <daas.requestor.id>Dotcom</daas.requestor.id>
			<data.source>BBY.com</data.source>
			<synonym.status>3,8,10</synonym.status>
			<synonym.cron.exp>0 0/1 * * * ?</synonym.cron.exp>
			<keyword.status>3,8,10</keyword.status>
			<keyword.cron.exp>0 0/1 * * * ?</keyword.cron.exp>
			<promo.status>3,8,10</promo.status>
			<promo.cron.exp>0 0/1 * * * ?</promo.cron.exp>
			<banner.status>3,8,10</banner.status>
			<banner.cron.exp>0 0/1 * * * ?</banner.cron.exp>
			<facet.status>3,8,10</facet.status>
			<facet.cron.exp>0 0/1 * * * ?</facet.cron.exp>
        </Scheduler>
        <Category name="CategoryXSL">
            <category.nodes.xsl.path>/META-INF/stylesheets/categoryNodes.xsl
			</category.nodes.xsl.path>
			<category.tree.xsl.path>/META-INF/stylesheets/categoryTree.xsl
			</category.tree.xsl.path>
        </Category>
    </environment>
    <environment appliesTo="" default="false" desc="" name="qa2">
        <Database desc="Database Configuration" name="db">
            <version>11gR2</version>
            <port>8080</port>
            <password/>
            <host>localhost</host>
            <dbname>bestbuy</dbname>
            <url>jdbc:oracle:thin:@(DESCRIPTION=(LOAD_BALANCE=on)(FAILOVER=on)(ADDRESS=(PROTOCOL=TCP)(HOST=dlqafpdb01-vip)(PORT=1530))(ADDRESS=(PROTOCOL=TCP)(HOST=dlqafpdb02-vip)(PORT=1530))(CONNECT_DATA=(SERVICE_NAME=oq2pcm.na.bestbuy.com)))</url>
            <driverClassName>oracle.jdbc.OracleDriver</driverClassName>
            <username>searchadmin</username>
            <passwordFile>/opt/app/search/.dbpass</passwordFile>
            <type>oracle</type>
        </Database>

        <WebService name="ldap">
            <port>389</port>
            <password/>
            <context>obestbuy.com</context>
            <host>devdirectory.bestbuy.com</host>
            <protocol>http</protocol>
            <username/>
        </WebService>
        <WebService name="DaaSAF">
            <port>8080</port>
            <password/>
            <context>DaaS/daas/service/jsonreceive/</context>
            <host>168.94.73.45</host>
            <protocol>http</protocol>
            <username/>
        </WebService>
        <WebService name="DaaSCF">
            <port>8080</port>
            <password/>
            <context>DaaS/daas/service/jsonreceive/</context>
            <host>168.94.73.45</host>
            <protocol>http</protocol>
            <username/>
        </WebService>
        <WebService name="ExternalWS">
            <port>8080</port>
            <password/>
            <context>search-api</context>
            <host>168.94.73.43</host>
            <protocol>http</protocol>
            <username/>
        </WebService>
        <WebService name="solr">
            <port>8080</port>
            <password/>
            <context>solr/products</context>
            <host>168.94.73.181</host>
            <protocol>http</protocol>
            <username/>
        </WebService>
        <Scheduler name="CFJobs">
            <facet.cron.exp>0 0/60 * * * ?</facet.cron.exp>
            <banner.cron.exp>0 0/60 * * * ?</banner.cron.exp>
            <keyword.status>3,8</keyword.status>
            <synonym.status>3,8</synonym.status>
            <banner.status>3,8</banner.status>
            <expired.cron.exp>0 0 0 * * ?</expired.cron.exp>
            <promo.cron.exp>0 0/50 * * * ?</promo.cron.exp>
            <attributes.cron.exp>0 0 0 * * ?</attributes.cron.exp>
            <data.source>BBY.com</data.source>
            <promo.status>3,8</promo.status>
            <delete.cron.exp>0 0 0 L * ?</delete.cron.exp>
            <keyword.cron.exp>0 0/40 * * * ?</keyword.cron.exp>
            <facet.status>3,8</facet.status>
            <daas.requestor.id>Dotcom</daas.requestor.id>
            <synonym.cron.exp>0 0/30 * * * ?</synonym.cron.exp>
        </Scheduler>
        <Scheduler name="AFJobs">
            <facet.cron.exp>0 0/5 * * * ?</facet.cron.exp>
            <banner.cron.exp>0 0/5 * * * ?</banner.cron.exp>
            <keyword.status>3,8</keyword.status>
            <synonym.status>3,8</synonym.status>
            <banner.status>3,8</banner.status>
            <expired.cron.exp/>
            <promo.cron.exp>0 0/5 * * * ?</promo.cron.exp>
            <attributes.cron.exp/>
            <data.source>BBY.com</data.source>
            <promo.status>3,8</promo.status>
            <delete.cron.exp/>
            <keyword.cron.exp>0 0/5 * * * ?</keyword.cron.exp>
            <facet.status>3,8</facet.status>
            <daas.requestor.id>BBY.com</daas.requestor.id>
            <synonym.cron.exp>0 0/5 * * * ?</synonym.cron.exp>
        </Scheduler>
        <Category name="CategoryXSL">
            <category.tree.xsl.path>/META-INF/stylesheets/categoryTree.xsl</category.tree.xsl.path>
            <category.nodes.xsl.path>/META-INF/stylesheets/categoryNodes.xsl</category.nodes.xsl.path>
        </Category>
        <Server name="Server">
            <context>bestbuy</context>
            <admin_username>admin</admin_username>
            <deploy_dir>C:\tomcat-7.0 - new\webapps</deploy_dir>
            <additional_context>/html</additional_context>
            <port>8080</port>
            <admin_password>admin</admin_password>
            <version>7.0.x</version>
            <certificate/>
            <type>Apache Tomcat</type>
            <remoteDeployment>false</remoteDeployment>
            <protocol>http</protocol>
            <host>localhost</host>
        </Server>
    </environment>
    <environment appliesTo="" default="false" desc="" name="qa3">
        <Database desc="Database Configuration" name="db">
            <version>11gR2</version>
            <port>8080</port>
            <password/>
            <host>localhost</host>
            <dbname>bestbuy</dbname>
            <url>jdbc:oracle:thin:@(DESCRIPTION=(LOAD_BALANCE=on)(FAILOVER=on)(ADDRESS=(PROTOCOL=TCP)(HOST=dlqafpdb01-vip)(PORT=1532))(ADDRESS=(PROTOCOL=TCP)(HOST=dlqafpdb02-vip)(PORT=1532))(CONNECT_DATA=(SERVICE_NAME=oq3pcm.na.bestbuy.com)))</url>
            <driverClassName>oracle.jdbc.OracleDriver</driverClassName>
            <username>searchadmin</username>
            <passwordFile>/opt/app/search/.dbpass</passwordFile>
            <type>oracle</type>
        </Database>
        <WebService name="ldap">
            <port>389</port>
            <password>Hello@1234</password>
            <context>obestbuy.com</context>
            <host>qadirectory.bestbuy.com</host>
            <protocol>http</protocol>
            <username/>
        </WebService>
        <WebService name="DaaSAF">
            <port>8080</port>
            <password/>
            <context>DaaS/daas/service/jsonreceive/</context>
            <host>168.94.73.184</host>
            <protocol>http</protocol>
            <username/>
        </WebService>
        <WebService name="DaaSCF">
            <port>8080</port>
            <password/>
            <context>DaaS/daas/service/jsonreceive/</context>
            <host>168.94.73.184</host>
            <protocol>http</protocol>
            <username/>
        </WebService>
        <WebService name="ExternalWS">
            <port>8080</port>
            <password/>
            <context>search-api</context>
            <host>168.94.73.43</host>
            <protocol>http</protocol>
            <username/>
        </WebService>
        <WebService name="solr">
            <port>8080</port>
            <password/>
            <context>solr/products</context>
            <host>168.94.73.181</host>
            <protocol>http</protocol>
            <username/>
        </WebService>
        <Scheduler name="CFJobs">
            <facet.cron.exp>0 0/60 * * * ?</facet.cron.exp>
            <banner.cron.exp>0 0/60 * * * ?</banner.cron.exp>
            <keyword.status>3,8</keyword.status>
            <synonym.status>3,8</synonym.status>
            <banner.status>3,8</banner.status>
            <expired.cron.exp>0 0 0 * * ?</expired.cron.exp>
            <promo.cron.exp>0 0/50 * * * ?</promo.cron.exp>
            <attributes.cron.exp>0 0 0 * * ?</attributes.cron.exp>
            <data.source>BBY.com</data.source>
            <promo.status>3,8</promo.status>
            <delete.cron.exp>0 0 0 L * ?</delete.cron.exp>
            <keyword.cron.exp>0 0/40 * * * ?</keyword.cron.exp>
            <facet.status>3,8</facet.status>
            <daas.requestor.id>Dotcom</daas.requestor.id>
            <synonym.cron.exp>0 0/30 * * * ?</synonym.cron.exp>
        </Scheduler>
        <Scheduler name="AFJobs">
            <facet.cron.exp>0 0/5 * * * ?</facet.cron.exp>
            <banner.cron.exp>0 0/5 * * * ?</banner.cron.exp>
            <keyword.status>3,8</keyword.status>
            <synonym.status>3,8</synonym.status>
            <banner.status>3,8</banner.status>
            <expired.cron.exp/>
            <promo.cron.exp>0 0/5 * * * ?</promo.cron.exp>
            <attributes.cron.exp/>
            <data.source>BBY.com</data.source>
            <promo.status>3,8</promo.status>
            <delete.cron.exp/>
            <keyword.cron.exp>0 0/5 * * * ?</keyword.cron.exp>
            <facet.status>3,8</facet.status>
            <daas.requestor.id>BBY.com</daas.requestor.id>
            <synonym.cron.exp>0 0/5 * * * ?</synonym.cron.exp>
        </Scheduler>
        <Category name="CategoryXSL">
            <category.tree.xsl.path>/META-INF/stylesheets/categoryTree.xsl</category.tree.xsl.path>
            <category.nodes.xsl.path>/META-INF/stylesheets/categoryNodes.xsl</category.nodes.xsl.path>
        </Category>
        <Server name="Server">
            <context>bestbuy</context>
            <admin_username>admin</admin_username>
            <deploy_dir>C:\tomcat-7.0 - new\webapps</deploy_dir>
            <additional_context>/html</additional_context>
            <port>8080</port>
            <admin_password>admin</admin_password>
            <version>7.0.x</version>
            <certificate/>
            <type>Apache Tomcat</type>
            <remoteDeployment>false</remoteDeployment>
            <protocol>http</protocol>
            <host>localhost</host>
        </Server>
    </environment>
    <environment appliesTo="" default="false" desc="Production Environment is used for Development purpose only" name="Production">
        <Database desc="Database Configuration" name="db">
            <url>jdbc:oracle:thin:@(DESCRIPTION=(LOAD_BALANCE=on)(FAILOVER=on)(ADDRESS=(PROTOCOL=TCP)(HOST=dlqafpdb01-vip)(PORT=1532))(ADDRESS=(PROTOCOL=TCP)(HOST=dlqafpdb02-vip)(PORT=1532))(CONNECT_DATA=(SERVICE_NAME=oq3pcm.na.bestbuy.com)))</url>
            <port>8080</port>
            <dbname>bestbuy</dbname>
            <driverClassName>oracle.jdbc.OracleDriver</driverClassName>
            <username>searchadmin</username>
            <passwordFile>/opt/app/search/.dbpass</passwordFile>
            <version>11gR2</version>
            <type>Oracle</type>
            <password/>
            <host>localhost</host>
        </Database>
        <WebService name="ldap">
            <port>389</port>
            <password>Test@1234specials</password>
            <context>obestbuy.com</context>
            <host>devdirectory.bestbuy.com</host>
            <protocol>http</protocol>
            <username/>
        </WebService>
        <WebService name="DaaSAF">
            <port>8080</port>
            <password/>
            <context>DaaS/daas/service/jsonreceive/</context>
            <host>168.94.73.61</host>
            <protocol>http</protocol>
            <username/>
        </WebService>
        <WebService name="DaaSCF">
            <port>8080</port>
            <password/>
            <context>DaaS/daas/service/jsonreceive/</context>
            <host>168.94.73.61</host>
            <protocol>http</protocol>
            <username/>
        </WebService>
        <WebService name="ExternalWS">
            <port>8080</port>
            <password/>
            <context>search-api</context>
            <host>172.16.17.240</host>
            <protocol>http</protocol>
            <username/>
        </WebService>
        <WebService name="solr">
            <port>8080</port>
            <password/>
            <context>solr/products</context>
            <host>172.16.17.240</host>
            <protocol>http</protocol>
            <username/>
        </WebService>
        <Scheduler name="CFJobs">
            <facet.cron.exp>0 0/1 * * * ?</facet.cron.exp>
            <banner.cron.exp>0 0/1 * * * ?</banner.cron.exp>
            <keyword.status>3,8</keyword.status>
            <synonym.status>3,8</synonym.status>
            <banner.status>3,8</banner.status>
            <expired.cron.exp>0 0 0 * * ?</expired.cron.exp>
            <promo.cron.exp>0 0/1 * * * ?</promo.cron.exp>
            <attributes.cron.exp>0 0 0 * * ?</attributes.cron.exp>
            <data.source>BBY.com</data.source>
            <promo.status>3,8</promo.status>
            <delete.cron.exp>0 0 0 L * ?</delete.cron.exp>
            <keyword.cron.exp>0 0/1 * * * ?</keyword.cron.exp>
            <facet.status>3,8</facet.status>
            <daas.requestor.id>Dotcom</daas.requestor.id>
            <synonym.cron.exp>0 0/1 * * * ?</synonym.cron.exp>
        </Scheduler>
        <Scheduler name="AFJobs">
            <facet.cron.exp>0 0/5 * * * ?</facet.cron.exp>
            <banner.cron.exp>0 0/5 * * * ?</banner.cron.exp>
            <keyword.status>3,8</keyword.status>
            <synonym.status>3,8</synonym.status>
            <banner.status>3,8</banner.status>
            <expired.cron.exp/>
            <promo.cron.exp>0 0/5 * * * ?</promo.cron.exp>
            <attributes.cron.exp/>
            <data.source>BBY.com</data.source>
            <promo.status>3,8</promo.status>
            <delete.cron.exp/>
            <keyword.cron.exp>0 0/5 * * * ?</keyword.cron.exp>
            <facet.status>3,8</facet.status>
            <daas.requestor.id>BBY.com</daas.requestor.id>
            <synonym.cron.exp>0 0/5 * * * ?</synonym.cron.exp>
        </Scheduler>
    </environment>
    <environment appliesTo="" default="false" desc="" name="Dev1">
        <Database desc="Database Configuration" name="db">
            <version>11gR2</version>
            <port>8080</port>
            <password/>
            <host>localhost</host>
            <dbname>bestbuy</dbname>
            <url>jdbc:oracle:thin:@(DESCRIPTION =(ADDRESS = (PROTOCOL = TCP)(HOST = dldolsdb01-vip)(PORT = 1525))(ADDRESS = (PROTOCOL = TCP)(HOST = dldolsdb02-vip)(PORT = 1525))(ADDRESS = (PROTOCOL = TCP)(HOST = dldolsdb03-vip)(PORT = 1525))(LOAD_BALANCE = yes)(CONNECT_DATA = (SERVER = DEDICATED) (SERVICE_NAME = od1pcm.na.bestbuy.com)))</url>
            <driverClassName>oracle.jdbc.OracleDriver</driverClassName>
            <username>biz_tool</username>
            <passwordFile>/opt/app/search/.dbpass</passwordFile>
            <type>oracle</type>
        </Database>
        <WebService name="ldap">
            <port>389</port>
            <password/>
            <context>obestbuy.com</context>
            <host>devdirectory.bestbuy.com</host>
            <protocol>http</protocol>
            <username/>
        </WebService>
        <WebService name="DaaSAF">
            <port>8080</port>
            <password/>
            <context> DaaS/daas/service/jsonreceive/</context>
            <host>168.94.73.61</host>
            <protocol>http</protocol>
            <username/>
        </WebService>
        <WebService name="DaaSCF">
            <port>8080</port>
            <password/>
            <context>DaaS/daas/service/jsonreceive/ </context>
            <host>168.94.73.61</host>
            <protocol>http</protocol>
            <username/>
        </WebService>
        <WebService name="ExternalWS">
            <port>8080</port>
            <password/>
            <context>search-api</context>
            <host>172.16.17.240</host>
            <protocol>http</protocol>
            <username/>
        </WebService>
        <WebService name="solr">
            <port>8080</port>
            <password/>
            <context>solr/products</context>
            <host>172.16.17.240</host>
            <protocol>http</protocol>
            <username/>
        </WebService>
        <Scheduler name="CFJobs">
            <facet.cron.exp>0 0/1 * * * ?</facet.cron.exp>
            <banner.cron.exp>0 0/1 * * * ?</banner.cron.exp>
            <keyword.status>3,8</keyword.status>
            <synonym.status>3,8</synonym.status>
            <banner.status>3,8</banner.status>
            <expired.cron.exp>0 0 0 * * ?</expired.cron.exp>
            <promo.cron.exp>0 0/1 * * * ?</promo.cron.exp>
            <attributes.cron.exp>0 0 0 * * ?</attributes.cron.exp>
            <data.source>BBY.com</data.source>
            <promo.status>3,8</promo.status>
            <delete.cron.exp>0 0 0 L * ?</delete.cron.exp>
            <keyword.cron.exp>0 0/1 * * * ?</keyword.cron.exp>
            <facet.status>3,8</facet.status>
            <daas.requestor.id>Dotcom</daas.requestor.id>
            <synonym.cron.exp>0 0/1 * * * ?</synonym.cron.exp>
        </Scheduler>
        <Scheduler name="AFJobs">
            <facet.cron.exp/>
            <banner.cron.exp>0 0/5 * * * ?</banner.cron.exp>
            <keyword.status>3,8</keyword.status>
            <synonym.status>3,8</synonym.status>
            <banner.status>3,8</banner.status>
            <expired.cron.exp/>
            <promo.cron.exp>0 0/5 * * * ?</promo.cron.exp>
            <attributes.cron.exp/>
            <data.source>BBY.com</data.source>
            <promo.status>3,8</promo.status>
            <delete.cron.exp/>
            <keyword.cron.exp>0 0/5 * * * ?</keyword.cron.exp>
            <facet.status/>
            <daas.requestor.id>BBY.com</daas.requestor.id>
            <synonym.cron.exp>0 0/5 * * * ?</synonym.cron.exp>
        </Scheduler>
        <Category name="CategoryXSL">
            <category.tree.xsl.path>/META-INF/stylesheets/categoryTree.xsl</category.tree.xsl.path>
            <category.nodes.xsl.path>/META-INF/stylesheets/categoryNodes.xsl</category.nodes.xsl.path>
        </Category>
        <Server name="Server">
            <context>bestbuy</context>
            <admin_username>admin</admin_username>
            <deploy_dir>/opt/app/search/servers/testing-tomcat/webapps</deploy_dir>
            <additional_context>/html</additional_context>
            <port>8080</port>
            <admin_password>admin</admin_password>
            <version>7.0.x</version>
            <type>Apache Tomcat</type>
            <remoteDeployment>false</remoteDeployment>
            <protocol>http</protocol>
            <host>localhost</host>
        </Server>
    </environment>
    <environment appliesTo="" default="false" desc="" name="Dev2">
        <Database desc="Database Configuration" name="db">
            <version>11gR2</version>
            <port>8080</port>
            <password/>
            <host>localhost</host>
            <dbname>bestbuy</dbname>
            <url>jdbc:oracle:thin:@(DESCRIPTION =(ADDRESS = (PROTOCOL = TCP)(HOST = dldolsdb01-vip)(PORT = 1525))(ADDRESS = (PROTOCOL = TCP)(HOST = dldolsdb02-vip)(PORT = 1525))(ADDRESS = (PROTOCOL = TCP)(HOST = dldolsdb03-vip)(PORT = 1525))(LOAD_BALANCE = yes)(CONNECT_DATA = (SERVER = DEDICATED) (SERVICE_NAME = od1pcm.na.bestbuy.com)))</url>
            <driverClassName>oracle.jdbc.OracleDriver</driverClassName>
            <username>biz_tool</username>
            <passwordFile>/opt/app/search/.dbpass</passwordFile>
            <type>oracle</type>
        </Database>
        <WebService name="ldap">
            <port>389</port>
            <password/>
            <context>obestbuy.com</context>
            <host>devdirectory.bestbuy.com</host>
            <protocol>http</protocol>
            <username/>
        </WebService>
        <WebService name="DaaSAF">
            <port>8080</port>
            <password/>
            <context> DaaS/daas/service/jsonreceive/</context>
            <host>168.94.73.61</host>
            <protocol>http</protocol>
            <username/>
        </WebService>
        <WebService name="DaaSCF">
            <port>8080</port>
            <password/>
            <context>DaaS/daas/service/jsonreceive/ </context>
            <host>168.94.73.61</host>
            <protocol>http</protocol>
            <username/>
        </WebService>
        <WebService name="ExternalWS">
            <port>8080</port>
            <password/>
            <context>search-api</context>
            <host>172.16.17.240</host>
            <protocol>http</protocol>
            <username/>
        </WebService>
        <WebService name="solr">
            <port>8080</port>
            <password/>
            <context>solr/products</context>
            <host>172.16.17.240</host>
            <protocol>http</protocol>
            <username/>
        </WebService>
        <Scheduler name="CFJobs">
            <facet.cron.exp>0 0/1 * * * ?</facet.cron.exp>
            <banner.cron.exp>0 0/1 * * * ?</banner.cron.exp>
            <keyword.status>3,8</keyword.status>
            <synonym.status>3,8</synonym.status>
            <banner.status>3,8</banner.status>
            <expired.cron.exp>0 0 0 * * ?</expired.cron.exp>
            <promo.cron.exp>0 0/1 * * * ?</promo.cron.exp>
            <attributes.cron.exp>0 0 0 * * ?</attributes.cron.exp>
            <data.source>BBY.com</data.source>
            <promo.status>3,8</promo.status>
            <delete.cron.exp>0 0 0 L * ?</delete.cron.exp>
            <keyword.cron.exp>0 0/1 * * * ?</keyword.cron.exp>
            <facet.status>3,8</facet.status>
            <daas.requestor.id>Dotcom</daas.requestor.id>
            <synonym.cron.exp>0 0/1 * * * ?</synonym.cron.exp>
        </Scheduler>
        <Scheduler name="AFJobs">
            <facet.cron.exp/>
            <banner.cron.exp>0 0/5 * * * ?</banner.cron.exp>
            <keyword.status>3,8</keyword.status>
            <synonym.status>3,8</synonym.status>
            <banner.status>3,8</banner.status>
            <expired.cron.exp/>
            <promo.cron.exp>0 0/5 * * * ?</promo.cron.exp>
            <attributes.cron.exp/>
            <data.source>BBY.com</data.source>
            <promo.status>3,8</promo.status>
            <delete.cron.exp/>
            <keyword.cron.exp>0 0/5 * * * ?</keyword.cron.exp>
            <facet.status/>
            <daas.requestor.id>BBY.com</daas.requestor.id>
            <synonym.cron.exp>0 0/5 * * * ?</synonym.cron.exp>
        </Scheduler>
        <Category name="CategoryXSL">
            <category.tree.xsl.path>/META-INF/stylesheets/categoryTree.xsl</category.tree.xsl.path>
            <category.nodes.xsl.path>/META-INF/stylesheets/categoryNodes.xsl</category.nodes.xsl.path>
        </Category>
        <Server name="Server">
            <context>bestbuy</context>
            <admin_username>admin</admin_username>
            <deploy_dir>/opt/app/search/servers/testing-tomcat/webapps</deploy_dir>
            <additional_context>/html</additional_context>
            <port>8080</port>
            <admin_password>admin</admin_password>
            <version>7.0.x</version>
            <type>Apache Tomcat</type>
            <remoteDeployment>false</remoteDeployment>
            <protocol>http</protocol>
            <host>localhost</host>
        </Server>
    </environment>
    <environment appliesTo="" default="false" desc="" name="Stage">
        <Database desc="Database Configuration" name="db">
            <version>11gR2</version>
            <port>8080</port>
            <password/>
            <host>localhost</host>
            <dbname>bestbuy</dbname>
            <url>jdbc:oracle:thin:@(DESCRIPTION =(ADDRESS = (PROTOCOL = TCP)(HOST = dldolsdb01-vip)(PORT = 1525))(ADDRESS = (PROTOCOL = TCP)(HOST = dldolsdb02-vip)(PORT = 1525))(ADDRESS = (PROTOCOL = TCP)(HOST = dldolsdb03-vip)(PORT = 1525))(LOAD_BALANCE = yes)(CONNECT_DATA = (SERVER = DEDICATED) (SERVICE_NAME = od1pcm.na.bestbuy.com)))</url>
            <driverClassName>oracle.jdbc.OracleDriver</driverClassName>
            <username>biz_tool</username>
            <passwordFile>/opt/app/search/.dbpass</passwordFile>
            <type>oracle</type>
        </Database>
        <WebService name="ldap">
            <port>389</port>
            <password/>
            <context>obestbuy.com</context>
            <host>devdirectory.bestbuy.com</host>
            <protocol>http</protocol>
            <username/>
        </WebService>
        <WebService name="DaaSAF">
            <port>8080</port>
            <password/>
            <context> DaaS/daas/service/jsonreceive/</context>
            <host>168.94.73.61</host>
            <protocol>http</protocol>
            <username/>
        </WebService>
        <WebService name="DaaSCF">
            <port>8080</port>
            <password/>
            <context>DaaS/daas/service/jsonreceive/ </context>
            <host>168.94.73.61</host>
            <protocol>http</protocol>
            <username/>
        </WebService>
        <WebService name="ExternalWS">
            <port>8080</port>
            <password/>
            <context>search-api</context>
            <host>172.16.17.240</host>
            <protocol>http</protocol>
            <username/>
        </WebService>
        <WebService name="solr">
            <port>8080</port>
            <password/>
            <context>solr/products</context>
            <host>172.16.17.240</host>
            <protocol>http</protocol>
            <username/>
        </WebService>
        <Scheduler name="CFJobs">
            <facet.cron.exp>0 0/1 * * * ?</facet.cron.exp>
            <banner.cron.exp>0 0/1 * * * ?</banner.cron.exp>
            <keyword.status>3,8</keyword.status>
            <synonym.status>3,8</synonym.status>
            <banner.status>3,8</banner.status>
            <expired.cron.exp>0 0 0 * * ?</expired.cron.exp>
            <promo.cron.exp>0 0/1 * * * ?</promo.cron.exp>
            <attributes.cron.exp>0 0 0 * * ?</attributes.cron.exp>
            <data.source>BBY.com</data.source>
            <promo.status>3,8</promo.status>
            <delete.cron.exp>0 0 0 L * ?</delete.cron.exp>
            <keyword.cron.exp>0 0/1 * * * ?</keyword.cron.exp>
            <facet.status>3,8</facet.status>
            <daas.requestor.id>Dotcom</daas.requestor.id>
            <synonym.cron.exp>0 0/1 * * * ?</synonym.cron.exp>
        </Scheduler>
        <Scheduler name="AFJobs">
            <facet.cron.exp/>
            <banner.cron.exp>0 0/5 * * * ?</banner.cron.exp>
            <keyword.status>3,8</keyword.status>
            <synonym.status>3,8</synonym.status>
            <banner.status>3,8</banner.status>
            <expired.cron.exp/>
            <promo.cron.exp>0 0/5 * * * ?</promo.cron.exp>
            <attributes.cron.exp/>
            <data.source>BBY.com</data.source>
            <promo.status>3,8</promo.status>
            <delete.cron.exp/>
            <keyword.cron.exp>0 0/5 * * * ?</keyword.cron.exp>
            <facet.status/>
            <daas.requestor.id>BBY.com</daas.requestor.id>
            <synonym.cron.exp>0 0/5 * * * ?</synonym.cron.exp>
        </Scheduler>
        <Category name="CategoryXSL">
            <category.tree.xsl.path>/META-INF/stylesheets/categoryTree.xsl</category.tree.xsl.path>
            <category.nodes.xsl.path>/META-INF/stylesheets/categoryNodes.xsl</category.nodes.xsl.path>
        </Category>
        <Server name="Server">
            <context>bestbuy</context>
            <admin_username>admin</admin_username>
            <deploy_dir>/opt/app/search/servers/testing-tomcat/webapps</deploy_dir>
            <additional_context>/html</additional_context>
            <port>8080</port>
            <admin_password>admin</admin_password>
            <version>7.0.x</version>
            <type>Apache Tomcat</type>
            <remoteDeployment>false</remoteDeployment>
            <protocol>http</protocol>
            <host>localhost</host>
        </Server>
    </environment>
    <environment appliesTo="" default="false" desc="" name="DR-AF">
        <Database desc="Database Configuration" name="db">
            <version>11gR2</version>
            <port>8080</port>
            <password/>
            <host>localhost</host>
            <dbname>bestbuy</dbname>
            <url>jdbc:oracle:thin:@(DESCRIPTION =(ADDRESS = (PROTOCOL = TCP)(HOST = dldolsdb01-vip)(PORT = 1525))(ADDRESS = (PROTOCOL = TCP)(HOST = dldolsdb02-vip)(PORT = 1525))(ADDRESS = (PROTOCOL = TCP)(HOST = dldolsdb03-vip)(PORT = 1525))(LOAD_BALANCE = yes)(CONNECT_DATA = (SERVER = DEDICATED) (SERVICE_NAME = od1pcm.na.bestbuy.com)))</url>
            <driverClassName>oracle.jdbc.OracleDriver</driverClassName>
            <username>biz_tool</username>
            <passwordFile>/opt/app/search/.dbpass</passwordFile>
            <type>oracle</type>
        </Database>
        <WebService desc="Ldap Configuration" name="ldap">
            <port>389</port>
            <password/>
            <context>obestbuy.com</context>
            <host>devdirectory.bestbuy.com</host>
            <protocol>http</protocol>
            <username/>
        </WebService>
        <WebService desc="DaaSAF Configuration" name="DaaSAF">
            <port>8080</port>
            <password/>
            <context> DaaS/daas/service/jsonreceive/</context>
            <host>168.94.73.61</host>
            <protocol>http</protocol>
            <username/>
        </WebService>
        <WebService desc="DaaSCF Configuration" name="DaaSCF">
            <port>8080</port>
            <password/>
            <context>DaaS/daas/service/jsonreceive/ </context>
            <host>168.94.73.61</host>
            <protocol>http</protocol>
            <username/>
        </WebService>
        <WebService name="ExternalWS">
            <port>8080</port>
            <password/>
            <context>search-api</context>
            <host>172.16.17.240</host>
            <protocol>http</protocol>
            <username/>
        </WebService>
        <WebService name="solr">
            <port>8080</port>
            <password/>
            <context>solr/products</context>
            <host>172.16.17.240</host>
            <protocol>http</protocol>
            <username/>
        </WebService>
        <Scheduler name="CFJobs">
            <facet.cron.exp>0 0/1 * * * ?</facet.cron.exp>
            <banner.cron.exp>0 0/1 * * * ?</banner.cron.exp>
            <keyword.status>3,8</keyword.status>
            <synonym.status>3,8</synonym.status>
            <banner.status>3,8</banner.status>
            <expired.cron.exp>0 0 0 * * ?</expired.cron.exp>
            <promo.cron.exp>0 0/1 * * * ?</promo.cron.exp>
            <attributes.cron.exp>0 0 0 * * ?</attributes.cron.exp>
            <data.source>BBY.com</data.source>
            <promo.status>3,8</promo.status>
            <delete.cron.exp>0 0 0 L * ?</delete.cron.exp>
            <keyword.cron.exp>0 0/1 * * * ?</keyword.cron.exp>
            <facet.status>3,8</facet.status>
            <daas.requestor.id>Dotcom</daas.requestor.id>
            <synonym.cron.exp>0 0/1 * * * ?</synonym.cron.exp>
        </Scheduler>
        <Scheduler name="AFJobs">
            <facet.cron.exp/>
            <banner.cron.exp>0 0/5 * * * ?</banner.cron.exp>
            <keyword.status>3,8</keyword.status>
            <synonym.status>3,8</synonym.status>
            <banner.status>3,8</banner.status>
            <expired.cron.exp/>
            <promo.cron.exp>0 0/5 * * * ?</promo.cron.exp>
            <attributes.cron.exp/>
            <data.source>BBY.com</data.source>
            <promo.status>3,8</promo.status>
            <delete.cron.exp/>
            <keyword.cron.exp>0 0/5 * * * ?</keyword.cron.exp>
            <facet.status/>
            <daas.requestor.id>BBY.com</daas.requestor.id>
            <synonym.cron.exp>0 0/5 * * * ?</synonym.cron.exp>
        </Scheduler>
        <Category name="CategoryXSL">
            <category.tree.xsl.path>/META-INF/stylesheets/categoryTree.xsl</category.tree.xsl.path>
            <category.nodes.xsl.path>/META-INF/stylesheets/categoryNodes.xsl</category.nodes.xsl.path>
        </Category>
        <Server name="Server">
            <context>bestbuy</context>
            <admin_username>admin</admin_username>
            <deploy_dir>/opt/app/search/servers/testing-tomcat/webapps</deploy_dir>
            <additional_context>/html</additional_context>
            <port>8080</port>
            <admin_password>admin</admin_password>
            <version>7.0.x</version>
            <type>Apache Tomcat</type>
            <remoteDeployment>false</remoteDeployment>
            <protocol>http</protocol>
            <host>localhost</host>
        </Server>
    </environment>
    <environment appliesTo="" default="false" desc="" name="DR-CF">
        <Database desc="Database Configuration" name="db">
            <version>11gR2</version>
            <port>8080</port>
            <password/>
            <host>localhost</host>
            <dbname>bestbuy</dbname>
            <url>jdbc:oracle:thin:@(DESCRIPTION =(ADDRESS = (PROTOCOL = TCP)(HOST = dldolsdb01-vip)(PORT = 1525))(ADDRESS = (PROTOCOL = TCP)(HOST = dldolsdb02-vip)(PORT = 1525))(ADDRESS = (PROTOCOL = TCP)(HOST = dldolsdb03-vip)(PORT = 1525))(LOAD_BALANCE = yes)(CONNECT_DATA = (SERVER = DEDICATED) (SERVICE_NAME = od1pcm.na.bestbuy.com)))</url>
            <driverClassName>oracle.jdbc.OracleDriver</driverClassName>
            <username>biz_tool</username>
            <passwordFile>/opt/app/search/.dbpass</passwordFile>
            <type>oracle</type>
        </Database>
        <WebService desc="Ldap Configuration" name="ldap">
            <port>389</port>
            <password/>
            <context>obestbuy.com</context>
            <host>devdirectory.bestbuy.com</host>
            <protocol>http</protocol>
            <username/>
        </WebService>
        <WebService desc="DaaSAF Configuration" name="DaaSAF">
            <port>8080</port>
            <password/>
            <context> DaaS/daas/service/jsonreceive/</context>
            <host>168.94.73.61</host>
            <protocol>http</protocol>
            <username/>
        </WebService>
        <WebService desc="DaaSCF Configuration" name="DaaSCF">
            <port>8080</port>
            <password/>
            <context>DaaS/daas/service/jsonreceive/ </context>
            <host>168.94.73.61</host>
            <protocol>http</protocol>
            <username/>
        </WebService>
        <WebService desc="ExternalWS Configuration" name="ExternalWS">
            <port>8080</port>
            <password/>
            <context>search-api</context>
            <host>172.16.17.240</host>
            <protocol>http</protocol>
            <username/>
        </WebService>
        <WebService desc="solr Configuration" name="solr">
            <port>8080</port>
            <password/>
            <context>solr/products</context>
            <host>172.16.17.240</host>
            <protocol>http</protocol>
            <username/>
        </WebService>
        <Scheduler desc="CF Jobs Configuration" name="CFJobs">
            <facet.cron.exp>0 0/1 * * * ?</facet.cron.exp>
            <banner.cron.exp>0 0/1 * * * ?</banner.cron.exp>
            <synonym.status>3,8</synonym.status>
            <keyword.status>3,8</keyword.status>
            <expired.cron.exp>0 0 0 * * ?</expired.cron.exp>
            <banner.status>3,8</banner.status>
            <promo.cron.exp>0 0/1 * * * ?</promo.cron.exp>
            <attributes.cron.exp>0 0 0 * * ?</attributes.cron.exp>
            <data.source>BBY.com</data.source>
            <promo.status>3,8</promo.status>
            <delete.cron.exp>0 0 0 L * ?</delete.cron.exp>
            <keyword.cron.exp>0 0/1 * * * ?</keyword.cron.exp>
            <facet.status>3,8</facet.status>
            <daas.requestor.id>Dotcom</daas.requestor.id>
            <synonym.cron.exp>0 0/1 * * * ?</synonym.cron.exp>
        </Scheduler>
        <Scheduler desc="AF Jobs Configuration" name="AFJobs">
            <facet.cron.exp/>
            <banner.cron.exp>0 0/5 * * * ?</banner.cron.exp>
            <synonym.status>3,8</synonym.status>
            <keyword.status>3,8</keyword.status>
            <expired.cron.exp/>
            <banner.status>3,8</banner.status>
            <promo.cron.exp>0 0/5 * * * ?</promo.cron.exp>
            <attributes.cron.exp/>
            <data.source>BBY.com</data.source>
            <promo.status>3,8</promo.status>
            <delete.cron.exp/>
            <keyword.cron.exp>0 0/5 * * * ?</keyword.cron.exp>
            <facet.status/>
            <daas.requestor.id>BBY.com</daas.requestor.id>
            <synonym.cron.exp>0 0/5 * * * ?</synonym.cron.exp>
        </Scheduler>
        <Category desc="Category XSL" name="CategoryXSL">
            <category.tree.xsl.path>/META-INF/stylesheets/categoryTree.xsl</category.tree.xsl.path>
            <category.nodes.xsl.path>/META-INF/stylesheets/categoryNodes.xsl</category.nodes.xsl.path>
        </Category>
        <Server desc="Server Configuration" name="Server">
            <context>bestbuy</context>
            <deploy_dir>/opt/app/search/servers/testing-tomcat/webapps</deploy_dir>
            <admin_username>admin</admin_username>
            <additional_context>/html</additional_context>
            <port>8080</port>
            <admin_password>admin</admin_password>
            <version>7.0.x</version>
            <type>Apache Tomcat</type>
            <remoteDeployment>false</remoteDeployment>
            <protocol>http</protocol>
            <host>localhost</host>
        </Server>
    </environment>
    <environment appliesTo="" default="false" desc="" name="PROD-AF">
        <Database desc="Database Configuration" name="db">
            <version>11gR2</version>
            <port>8080</port>
            <password/>
            <host>localhost</host>
            <dbname>bestbuy</dbname>
            <url>jdbc:oracle:thin:@(DESCRIPTION =(ADDRESS = (PROTOCOL = TCP)(HOST = dldolsdb01-vip)(PORT = 1525))(ADDRESS = (PROTOCOL = TCP)(HOST = dldolsdb02-vip)(PORT = 1525))(ADDRESS = (PROTOCOL = TCP)(HOST = dldolsdb03-vip)(PORT = 1525))(LOAD_BALANCE = yes)(CONNECT_DATA = (SERVER = DEDICATED) (SERVICE_NAME = od1pcm.na.bestbuy.com)))</url>
            <driverClassName>oracle.jdbc.OracleDriver</driverClassName>
            <username>biz_tool</username>
            <passwordFile>/opt/app/search/.dbpass</passwordFile>
            <type>oracle</type>
        </Database>
        <WebService desc="Ldap Configuration" name="ldap">
            <port>389</port>
            <password/>
            <context>obestbuy.com</context>
            <host>devdirectory.bestbuy.com</host>
            <protocol>http</protocol>
            <username/>
        </WebService>
        <WebService desc="DaaSAF Configuration" name="DaaSAF">
            <port>8080</port>
            <password/>
            <context> DaaS/daas/service/jsonreceive/</context>
            <host>168.94.73.61</host>
            <protocol>http</protocol>
            <username/>
        </WebService>
        <WebService desc="DaaSCF Configuration" name="DaaSCF">
            <port>8080</port>
            <password/>
            <context>DaaS/daas/service/jsonreceive/ </context>
            <host>168.94.73.61</host>
            <protocol>http</protocol>
            <username/>
        </WebService>
        <WebService desc="ExternalWS configuration" name="ExternalWS">
            <port>8080</port>
            <password/>
            <context>search-api</context>
            <host>172.16.17.240</host>
            <protocol>http</protocol>
            <username/>
        </WebService>
        <WebService desc="Solr Configuration" name="solr">
            <port>8080</port>
            <password/>
            <context>solr/products</context>
            <host>172.16.17.240</host>
            <protocol>http</protocol>
            <username/>
        </WebService>
        <Scheduler desc="CFJobs Configuration" name="CFJobs">
            <facet.cron.exp>0 0/1 * * * ?</facet.cron.exp>
            <banner.cron.exp>0 0/1 * * * ?</banner.cron.exp>
            <synonym.status>3,8</synonym.status>
            <keyword.status>3,8</keyword.status>
            <expired.cron.exp>0 0 0 * * ?</expired.cron.exp>
            <banner.status>3,8</banner.status>
            <promo.cron.exp>0 0/1 * * * ?</promo.cron.exp>
            <attributes.cron.exp>0 0 0 * * ?</attributes.cron.exp>
            <data.source>BBY.com</data.source>
            <promo.status>3,8</promo.status>
            <delete.cron.exp>0 0 0 L * ?</delete.cron.exp>
            <keyword.cron.exp>0 0/1 * * * ?</keyword.cron.exp>
            <facet.status>3,8</facet.status>
            <daas.requestor.id>Dotcom</daas.requestor.id>
            <synonym.cron.exp>0 0/1 * * * ?</synonym.cron.exp>
        </Scheduler>
        <Scheduler desc="AFJobs Configuration" name="AFJobs">
            <facet.cron.exp/>
            <banner.cron.exp>0 0/5 * * * ?</banner.cron.exp>
            <synonym.status>3,8</synonym.status>
            <keyword.status>3,8</keyword.status>
            <expired.cron.exp/>
            <banner.status>3,8</banner.status>
            <promo.cron.exp>0 0/5 * * * ?</promo.cron.exp>
            <attributes.cron.exp/>
            <data.source>BBY.com</data.source>
            <promo.status>3,8</promo.status>
            <delete.cron.exp/>
            <keyword.cron.exp>0 0/5 * * * ?</keyword.cron.exp>
            <facet.status/>
            <daas.requestor.id>BBY.com</daas.requestor.id>
            <synonym.cron.exp>0 0/5 * * * ?</synonym.cron.exp>
        </Scheduler>
        <Category desc="CatebgoryXSL Configuration" name="CategoryXSL">
            <category.tree.xsl.path>/META-INF/stylesheets/categoryTree.xsl</category.tree.xsl.path>
            <category.nodes.xsl.path>/META-INF/stylesheets/categoryNodes.xsl</category.nodes.xsl.path>
        </Category>
        <Server desc="Server Configuration" name="Server">
            <context>bestbuy</context>
            <deploy_dir>/opt/app/search/servers/testing-tomcat/webapps</deploy_dir>
            <admin_username>admin</admin_username>
            <additional_context>/html</additional_context>
            <port>8080</port>
            <admin_password>admin</admin_password>
            <version>7.0.x</version>
            <type>Apache Tomcat</type>
            <remoteDeployment>false</remoteDeployment>
            <protocol>http</protocol>
            <host>localhost</host>
        </Server>
    </environment>
    <environment appliesTo="" default="false" desc="" name="PROD-CF">
        <Database desc="Database Configuration" name="db">
            <version>11gR2</version>
            <port>8080</port>
            <password/>
            <host>localhost</host>
            <dbname>bestbuy</dbname>
            <url>jdbc:oracle:thin:@(DESCRIPTION =(ADDRESS = (PROTOCOL = TCP)(HOST = dldolsdb01-vip)(PORT = 1525))(ADDRESS = (PROTOCOL = TCP)(HOST = dldolsdb02-vip)(PORT = 1525))(ADDRESS = (PROTOCOL = TCP)(HOST = dldolsdb03-vip)(PORT = 1525))(LOAD_BALANCE = yes)(CONNECT_DATA = (SERVER = DEDICATED) (SERVICE_NAME = od1pcm.na.bestbuy.com)))</url>
            <driverClassName>oracle.jdbc.OracleDriver</driverClassName>
            <username>biz_tool</username>
            <passwordFile>/opt/app/search/.dbpass</passwordFile>
            <type>oracle</type>
        </Database>
        <WebService desc="ldap configuration" name="ldap">
            <port>389</port>
            <password/>
            <context>obestbuy.com</context>
            <host>devdirectory.bestbuy.com</host>
            <protocol>http</protocol>
            <username/>
        </WebService>
        <WebService desc="DaaSAF Configuration" name="DaaSAF">
            <port>8080</port>
            <password/>
            <context> DaaS/daas/service/jsonreceive/</context>
            <host>168.94.73.61</host>
            <protocol>http</protocol>
            <username/>
        </WebService>
        <WebService desc="DaaSCF Configuration" name="DaaSCF">
            <port>8080</port>
            <password/>
            <context>DaaS/daas/service/jsonreceive/ </context>
            <host>168.94.73.61</host>
            <protocol>http</protocol>
            <username/>
        </WebService>
        <WebService desc="External Configuration" name="ExternalWS">
            <port>8080</port>
            <password/>
            <context>search-api</context>
            <host>172.16.17.240</host>
            <protocol>http</protocol>
            <username/>
        </WebService>
        <WebService desc="Solr Configuration" name="solr">
            <port>8080</port>
            <password/>
            <context>solr/products</context>
            <host>172.16.17.240</host>
            <protocol>http</protocol>
            <username/>
        </WebService>
        <Scheduler desc="CF Jobs Configuration" name="CFJobs">
            <facet.cron.exp>0 0/1 * * * ?</facet.cron.exp>
            <banner.cron.exp>0 0/1 * * * ?</banner.cron.exp>
            <synonym.status>3,8</synonym.status>
            <keyword.status>3,8</keyword.status>
            <expired.cron.exp>0 0 0 * * ?</expired.cron.exp>
            <banner.status>3,8</banner.status>
            <promo.cron.exp>0 0/1 * * * ?</promo.cron.exp>
            <attributes.cron.exp>0 0 0 * * ?</attributes.cron.exp>
            <data.source>BBY.com</data.source>
            <promo.status>3,8</promo.status>
            <delete.cron.exp>0 0 0 L * ?</delete.cron.exp>
            <keyword.cron.exp>0 0/1 * * * ?</keyword.cron.exp>
            <facet.status>3,8</facet.status>
            <daas.requestor.id>Dotcom</daas.requestor.id>
            <synonym.cron.exp>0 0/1 * * * ?</synonym.cron.exp>
        </Scheduler>
        <Scheduler desc="AF Jobs Configuration" name="AFJobs">
            <facet.cron.exp/>
            <banner.cron.exp>0 0/5 * * * ?</banner.cron.exp>
            <synonym.status>3,8</synonym.status>
            <keyword.status>3,8</keyword.status>
            <expired.cron.exp/>
            <banner.status>3,8</banner.status>
            <promo.cron.exp>0 0/5 * * * ?</promo.cron.exp>
            <attributes.cron.exp/>
            <data.source>BBY.com</data.source>
            <promo.status>3,8</promo.status>
            <delete.cron.exp/>
            <keyword.cron.exp>0 0/5 * * * ?</keyword.cron.exp>
            <facet.status/>
            <daas.requestor.id>BBY.com</daas.requestor.id>
            <synonym.cron.exp>0 0/5 * * * ?</synonym.cron.exp>
        </Scheduler>
        <Category desc="CategoryXSL Configuration" name="CategoryXSL">
            <category.tree.xsl.path>/META-INF/stylesheets/categoryTree.xsl</category.tree.xsl.path>
            <category.nodes.xsl.path>/META-INF/stylesheets/categoryNodes.xsl</category.nodes.xsl.path>
        </Category>
        <Server desc="Server Configuration" name="Server">
            <context>bestbuy</context>
            <deploy_dir>/opt/app/search/servers/testing-tomcat/webapps</deploy_dir>
            <admin_username>admin</admin_username>
            <additional_context>/html</additional_context>
            <port>8080</port>
            <admin_password>admin</admin_password>
            <version>7.0.x</version>
            <type>Apache Tomcat</type>
            <remoteDeployment>false</remoteDeployment>
            <protocol>http</protocol>
            <host>localhost</host>
        </Server>
    </environment>
    <environment appliesTo="" default="true" desc="Local Environment" name="Local">
        <Server desc="Server Configuration" name="server">
            <context>bestbuy</context>
            <deploy_dir/>
            <admin_username>admin</admin_username>
            <additional_context>html</additional_context>
            <port>7080</port>
            <admin_password>admin</admin_password>
            <version>7.0.x</version>
            <type>Apache Tomcat</type>
            <remoteDeployment>true</remoteDeployment>
            <protocol>http</protocol>
            <host>172.16.28.119</host>
        </Server>
        <Database desc="Database Configuration" name="db">
            <version>11gR2</version>
            <port>8080</port>
            <password/>
            <type>oracle</type>
            <host>localhost</host>
            <dbname>bestbuy</dbname>
            <username>bestbuy</username>
            <passwordFile>/D:/BT-IT/integration/search/bin/.dbpass</passwordFile>
            <driverClassName>oracle.jdbc.OracleDriver</driverClassName>
            <url>jdbc:oracle:thin:@(DESCRIPTION = (ADDRESS = (PROTOCOL = TCP)(HOST = 172.16.17.227)(PORT = 1521))(LOAD_BALANCE = no)(CONNECT_DATA = (SERVER = DEDICATED) (SERVICE_NAME = IT)))</url>
        </Database>
    <WebService desc="Ldap Configuration" name="ldap">
            <port>389</port>
            <password>Test@1234specials</password>
            <context>o=bestbuy.com</context>
            <host>devdirectory.bestbuy.com</host>
            <protocol>ldap</protocol>
            <timeout>30000</timeout>
            <username/>
        </WebService>
    <WebService desc="DaaSAF Configuration" name="DaaSAF">
            <port>8080</port>
            <password/>
            <context>DaaS/daas/service/jsonreceive/</context>
            <host>localhost</host>
            <timeout>30000</timeout>
            <protocol>http</protocol>
            <username/>
        </WebService>
    <WebService desc="DaaSCF Configuration" name="DaaSCF">
            <port>8080</port>
            <password/>
            <context>DaaS/daas/service/jsonreceive/</context>
            <host>localhost</host>
            <timeout>30000</timeout>
            <protocol>http</protocol>
            <username/>
        </WebService>
    <WebService desc="ExternalWS Configuration" name="ExternalWS">
            <context>search-api</context>
            <port>8080</port>
            <suggest.query.uri>/search-api/suggest/?term=</suggest.query.uri>
            <username/>
            <search.site.uri>/search-api/search/</search.site.uri>
            <timeout>30000</timeout>
            <password/>
            <protocol>http</protocol>
            <host>localhost</host>
        </WebService>
    <WebService desc="solr configuration" name="solr">
            <port>8080</port>
            <password/>
            <context>solr/products</context>
            <host>localhost</host>
            <timeout>30000</timeout>
            <protocol>http</protocol>
            <username/>
        </WebService>
    <WebService desc="DeleteSKUAF Configuration" name="DeleteSKUAF">
            <port>8080</port>
            <password/>
            <context>DaaS</context>
            <daas.requestor.id>Dotcom</daas.requestor.id>
            <host>localhost</host>
            <protocol>http</protocol>
            <username/>
        </WebService>
    <WebService desc="DeleteSKUCF Configuration" name="DeleteSKUCF">
            <context>DaaS</context>
            <port>8080</port>
            <removeSku.query.uri>/DaaS/daas/service/delete?sku=</removeSku.query.uri>
            <username/>
            <timeout>30000</timeout>
            <daas.requestor.id>Dotcom</daas.requestor.id>
            <password/>
            <protocol>http</protocol>
            <host>localhost</host>
        </WebService>
    <WebService desc="CategoryTreeAF Configuration" name="CategoryTreeAF">
            <context>DaaS</context>
            <port>8080</port>
            <username/>
            <category.tree.query.uri>/DaaS/daas/service/categorytree</category.tree.query.uri>
            <timeout>30000</timeout>
            <daas.requestor.id>Dotcom</daas.requestor.id>
            <password/>
            <protocol>http</protocol>
            <host>localhost</host>
        </WebService>
    <Scheduler desc="CF Jobs configuration" name="CFJobs">
            <facet.cron.exp>0 0/15 * * * ?</facet.cron.exp>
            <banner.cron.exp>0 0/15 * * * ?</banner.cron.exp>
            <synonym.status>10,8</synonym.status>
            <keyword.status>10,8</keyword.status>
            <expired.cron.exp>0 0/15 * * * ?</expired.cron.exp>
            <banner.status>10,8</banner.status>
            <promo.cron.exp>0 0/15 * * * ?</promo.cron.exp>
            <attributes.scheduled.cron.exp>0 0 6 * * ?</attributes.scheduled.cron.exp>
            <attributes.cron.exp>0 0 8-4/2 * * ?</attributes.cron.exp>
            <data.source>BBY.com</data.source>
            <promo.status>10,8</promo.status>
            <delete.cron.exp>0 0 0 L * ?</delete.cron.exp>
            <keyword.cron.exp>0 0/15 * * * ?</keyword.cron.exp>
            <facet.status>10,8</facet.status>
            <daas.requestor.id>Dotcom</daas.requestor.id>
            <synonym.cron.exp>0 0/15 * * * ?</synonym.cron.exp>
        </Scheduler>
    <Scheduler desc="AF Jobs Scheduler Configuration" name="AFJobs">
            <facet.cron.exp>0 0/1 * * * ?</facet.cron.exp>
            <banner.cron.exp>0 0/1 * * * ?</banner.cron.exp>
            <synonym.status>3,8,10</synonym.status>
            <keyword.status>3,8,10</keyword.status>
            <banner.status>3,8,10</banner.status>
            <promo.cron.exp>0 0/1 * * * ?</promo.cron.exp>
            <data.source>BBY.com</data.source>
            <promo.status>3,8,10</promo.status>
            <keyword.cron.exp>0 0/1 * * * ?</keyword.cron.exp>
            <facet.status>3,8,10</facet.status>
            <daas.requestor.id>Dotcom</daas.requestor.id>
            <synonym.cron.exp>0 0/1 * * * ?</synonym.cron.exp>
        </Scheduler>
    <Category desc="Category XSL Scheduler Configuration" name="CategoryXSL">
            <category.tree.xsl.path>/META-INF/stylesheets/categoryTree.xsl</category.tree.xsl.path>
            <category.nodes.xsl.path>/META-INF/stylesheets/categoryNodes.xsl</category.nodes.xsl.path>
        </Category>
    </environment>
</environments>
