<?xml version="1.0" encoding="UTF-8" standalone="no"?>
<beans	xmlns="http://www.springframework.org/schema/beans" 
		xmlns:aop="http://www.springframework.org/schema/aop" 
		xmlns:context="http://www.springframework.org/schema/context"
        xmlns:util="http://www.springframework.org/schema/util"
		xmlns:jee="http://www.springframework.org/schema/jee" 
		xmlns:tx="http://www.springframework.org/schema/tx" 
		xmlns:xsi="http://www.w3.org/2001/XMLSchema-instance" 
		xmlns:ehcache="http://ehcache-spring-annotations.googlecode.com/svn/schema/ehcache-spring"
		xsi:schemaLocation="http://www.springframework.org/schema/aop http://www.springframework.org/schema/aop/spring-aop-3.0.xsd         
							http://www.springframework.org/schema/beans http://www.springframework.org/schema/beans/spring-beans-3.0.xsd   
						    http://www.springframework.org/schema/context http://www.springframework.org/schema/context/spring-context-3.0.xsd
						    http://www.springframework.org/schema/util http://www.springframework.org/schema/util/spring-util-3.0.xsd
						    http://www.springframework.org/schema/jee http://www.springframework.org/schema/jee/spring-jee-3.0.xsd 
						    http://www.springframework.org/schema/tx http://www.springframework.org/schema/tx/spring-tx-3.0.xsd
						    http://ehcache-spring-annotations.googlecode.com/svn/schema/ehcache-spring
	    					http://ehcache-spring-annotations.googlecode.com/svn/schema/ehcache-spring/ehcache-spring-1.1.xsd">

    <!--
        This will automatically locate any and all property files you have
        within your classpath, provided they fall under the META-INF/spring
        directory. The located property files are parsed and their values can
        then be used within application context files in the form of
        ${propertyKey}.
    -->
 
    <!--
        Turn on AspectJ @Configurable support. As a result, any time you
        instantiate an object, Spring will attempt to perform dependency
        injection on that object. This occurs for instantiation via the "new"
        keyword, as well as via reflection. This is possible because AspectJ
        is used to "weave" Roo-based applications at compile time. In effect
        this feature allows dependency injection of any object at all in your
        system, which is a very useful feature (without @Configurable you'd
        only be able to dependency inject objects acquired from Spring or
        subsequently presented to a specific Spring dependency injection
        method). Roo applications use this useful feature in a number of
        areas, such as @PersistenceContext injection into entities.
    -->
    <context:spring-configured/>
    <!--
        This declaration will cause Spring to locate every @Component,
        @Repository and @Service in your application. In practical terms this
        allows you to write a POJO and then simply annotate the new POJO as an
        @Service and Spring will automatically detect, instantiate and
        dependency inject your service at startup time. Importantly, you can
        then also have your new service injected into any other class that
        requires it simply by declaring a field for your service inside the
        relying class and Spring will inject it. Note that two exclude filters
        are declared. The first ensures that Spring doesn't spend time
        introspecting Roo-specific ITD aspects. The second ensures Roo doesn't
        instantiate your @Controller classes, as these should be instantiated
        by a web tier application context. Refer to web.xml for more details
        about the web tier application context setup services.
        
        Furthermore, this turns on @Autowired, @PostConstruct etc support. These 
        annotations allow you to use common Spring and Java Enterprise Edition 
        annotations in your classes without needing to do any special configuration. 
        The most commonly used annotation is @Autowired, which instructs Spring to
        dependency inject an object into your class.
    -->
    
    <context:component-scan base-package="com.bestbuy.search.merchandising, com.bestbuy.search.configuration">
        <context:exclude-filter expression=".*_Roo_.*" type="regex"/>
        <context:exclude-filter expression="org.springframework.stereotype.Controller" type="annotation"/>
    </context:component-scan>

    <util:properties id="appProps" location="classpath:META-INF/MerchandisingUI-build.properties"/>

    <util:properties id="buildProps" location="classpath:META-INF/buildNumber.properties"/>

    <bean id="appInfo" class="com.bestbuy.search.foundation.common.health.data.AppInfo">
        <property name="artifact" value="#{appProps['Artifact']}"/>
        <property name="revision" value="#{appProps['SCM-Revision']}"/>
        <property name="branch" value="#{appProps['SCM-Branch']}"/>
        <property name="buildNumber" value="#{buildProps['buildNumber']}"/>
        <property name="buildTime" value="#{appProps['Build-Time']}"/>
        <property name="group" value="#{appProps['Group']}"/>
        <property name="name" value="#{appProps['Name']}"/>
        <property name="version" value="#{appProps['Version']}"/>
    </bean>
    
    <!-- EH Cache Configuration-->
    <ehcache:annotation-driven cache-manager="ehCacheManager"/>
	<bean id="ehCacheManager" class="org.springframework.cache.ehcache.EhCacheManagerFactoryBean">
                <property name="shared" value="false"/>
                <property name="configLocation" value="classpath:/META-INF/ehcache.xml"/>
	</bean>  
    
    <!-- Database and Transaction Configuration -->
    <bean class="com.bestbuy.search.merchandising.common.DataSource"
		destroy-method="close" id="bizdataSource">
		<property name="driverClassName" value="${db.driverClassName}" />
		<property name="url" value="${db.url}" />
		<property name="username" value="${db.username}" />
		<property name="passwordFile" value="${db.passwordFile}" />
		<property name="testOnBorrow" value="true" />
		<property name="testOnReturn" value="true" />
		<property name="testWhileIdle" value="true" />
		<property name="timeBetweenEvictionRunsMillis" value="1800000" />
		<property name="numTestsPerEvictionRun" value="3" />
		<property name="minEvictableIdleTimeMillis" value="1800000" />
		<property name="initialSize" value="5" />
		<property name="maxActive" value="10" />
		<property name="minIdle" value="5" />
		<property name="validationQuery" value="SELECT 1 FROM DUAL" />
	</bean>
	<bean class="org.springframework.beans.factory.config.MethodInvokingFactoryBean" lazy-init="false">
		<property name="targetObject" ref="bizdataSource" />
		<property name="targetMethod" value="addConnectionProperty" />
		<property name="arguments">
			<list>
				<value>defaultNChar</value>
				<value>true</value>
			</list>
		</property>
	</bean>
	
    <bean id="entityManagerFactory" class="org.springframework.orm.jpa.LocalContainerEntityManagerFactoryBean">
        <property name="dataSource" ref="bizdataSource"/>
        <property name="jpaVendorAdapter">
            <bean class="org.springframework.orm.jpa.vendor.HibernateJpaVendorAdapter">
                <property name="showSql" value="false" />
                <property name="generateDdl" value="false" />
                <property name="databasePlatform" value="org.hibernate.dialect.OracleDialect" />
            </bean>
        </property>
    </bean>
    <bean class="org.springframework.orm.jpa.support.PersistenceAnnotationBeanPostProcessor"/>
    <bean name="transactionManager" class="org.springframework.orm.jpa.JpaTransactionManager">
    	<property name="entityManagerFactory" ref="entityManagerFactory" />
    </bean>
    <tx:annotation-driven transaction-manager="transactionManager" mode="aspectj"/>
 	
 	<!-- JDBC Template Configuration -->
 	
	<bean name="jdbcTemplate" class="org.springframework.jdbc.core.JdbcTemplate">
   		 <constructor-arg><ref bean="bizdataSource"/></constructor-arg>
	</bean>
 	<!-- Rest Template Configuration -->
 	<bean id="restTemplate" class="org.springframework.web.client.RestTemplate">
 		<constructor-arg>
			<bean class="org.springframework.http.client.CommonsClientHttpRequestFactory">
				<property name="readTimeout" value="${DaaSAF.timeout}" />
			</bean>
		</constructor-arg>
 	</bean>
    
    <!-- Json Configuration -->
    <bean class="org.springframework.web.servlet.mvc.annotation.AnnotationMethodHandlerAdapter">
  		 <property name="messageConverters">
    	 	<list>
         		 <bean class="org.springframework.http.converter.StringHttpMessageConverter" />
         		 <ref bean="jsonConverter" />
     		</list>
   		</property>
    </bean>
    <bean id="jsonConverter"  class="org.springframework.http.converter.json.MappingJacksonHttpMessageConverter">
		 <property name="supportedMediaTypes" value="application/json;charset=UTF-8" />
    </bean> 
    
	<bean id="errorMessagesProperties" class="java.util.ResourceBundle" factory-method="getBundle">
  		<constructor-arg type="java.lang.String">
  			<value>com.bestbuy.search.merchandising.common.properties.errorMessages</value>
  		</constructor-arg>
	</bean>
	
	<bean id="successMessagesProperties" class="java.util.ResourceBundle" factory-method="getBundle">
  		<constructor-arg type="java.lang.String">
  			<value>com.bestbuy.search.merchandising.common.properties.successMessages</value>
  		</constructor-arg>
	</bean>	
      
	<bean id="resourceBundleHandler" class="com.bestbuy.search.merchandising.common.ResourceBundleHandler" />   
 
	<bean id="merchandisingBaseResponse" class="com.bestbuy.search.merchandising.wrapper.MerchandisingBaseResponse" scope="request">
		<aop:scoped-proxy/>
	</bean>
	
	<bean id="bannerWrapperConverter" class="com.bestbuy.search.merchandising.common.BannerWrapperConverter" />
	<bean id="facetWrapperConverter" class="com.bestbuy.search.merchandising.common.FacetWrapperConverter" />
	<!-- Category Tree Transformer -->
	<bean id="categoryParser" class="com.bestbuy.search.merchandising.category.CategoryParser" />
	<bean id="boostAndBlockWrapperConverter" class="com.bestbuy.search.merchandising.common.BoostAndBlockWrapperConverter" />
	<!-- For the backend validation -->
	<bean id="validatorFactory" class="javax.validation.Validation" factory-method="buildDefaultValidatorFactory" />
	<bean id="validator" factory-bean="validatorFactory" factory-method="getValidator" />
	

</beans>
