<environments>
    <environment default="true" name="Local">
        <Server name="server">
            <context>bestbuy</context>
            <admin_username>admin</admin_username>
            <deploy_dir/>
            <additional_context>html</additional_context>
            <port>7080</port>
            <admin_password>admin</admin_password>
            <version>7.0.x</version>
            <type>Apache Tomcat</type>
            <remoteDeployment>true</remoteDeployment>
            <host>172.16.28.119</host>
            <protocol>http</protocol>
        </Server>
        <Database name="db">
            <url>jdbc:oracle:thin:@(DESCRIPTION = (ADDRESS = (PROTOCOL = TCP)(HOST = 172.16.17.227)(PORT = 1521))(LOAD_BALANCE = no)(CONNECT_DATA = (SERVER = DEDICATED) (SERVICE_NAME = IT)))</url>
            <port>8080</port>
            <dbname>bestbuy</dbname>
            <driverClassName>oracle.jdbc.OracleDriver</driverClassName>
            <username>bestbuy</username>
            <passwordFile>/D:/BT-IT/integration/search/bin/.dbpass</passwordFile>
            <version>11gR2</version>
            <type>oracle</type>
            <password/>
            <host>localhost</host>
        </Database>
        <WebService name="ldap">
            <port>389</port>
            <password>Test@1234specials</password>
            <context>o=bestbuy.com</context>
            <host>devdirectory.bestbuy.com</host>
            <timeout>30000</timeout>
            <protocol>ldap</protocol>
            <username/>
        </WebService>
        <WebService name="DaaSAF">
            <port>8080</port>
            <password/>
            <context>DaaS/daas/service/jsonreceive/</context>
            <host>localhost</host>
            <timeout>30000</timeout>
            <protocol>http</protocol>
            <username/>
        </WebService>
        <WebService name="DaaSCF">
            <port>8080</port>
            <password/>
            <context>DaaS/daas/service/jsonreceive/</context>
            <host>localhost</host>
            <timeout>30000</timeout>
            <protocol>http</protocol>
            <username/>
        </WebService>
        <WebService name="ExternalWS">
            <context>search-api</context>
            <port>8080</port>
            <suggest.query.uri>/search-api/suggest/?term=</suggest.query.uri>
            <username/>
            <search.site.uri>/search-api/search/</search.site.uri>
            <timeout>30000</timeout>
            <password/>
            <host>localhost</host>
            <protocol>http</protocol>
        </WebService>
        <WebService name="solr">
            <port>8080</port>
            <password/>
            <context>solr/products</context>
            <host>localhost</host>
            <timeout>30000</timeout>
            <protocol>http</protocol>
            <username/>
        </WebService>
        <WebService name="DeleteSKUAF">
            <port>8080</port>
            <password/>
            <context>DaaS</context>
            <daas.requestor.id>Dotcom</daas.requestor.id>
            <host>localhost</host>
            <protocol>http</protocol>
            <username/>
        </WebService>
        <WebService name="DeleteSKUCF">
            <context>DaaS</context>
            <port>8080</port>
            <removeSku.query.uri>/DaaS/daas/service/delete?sku=</removeSku.query.uri>
            <username/>
            <timeout>30000</timeout>
            <daas.requestor.id>Dotcom</daas.requestor.id>
            <password/>
            <host>localhost</host>
            <protocol>http</protocol>
        </WebService>
        <WebService name="CategoryTreeAF">
            <context>DaaS</context>
            <port>8080</port>
            <username/>
            <category.tree.query.uri>/DaaS/daas/service/categorytree</category.tree.query.uri>
            <timeout>30000</timeout>
            <daas.requestor.id>Dotcom</daas.requestor.id>
            <password/>
            <host>localhost</host>
            <protocol>http</protocol>
        </WebService>
        <Scheduler name="CFJobs">
            <facet.cron.exp>0 0/15 * * * ?</facet.cron.exp>
            <banner.cron.exp>0 0/15 * * * ?</banner.cron.exp>
            <synonym.status>10,8</synonym.status>
            <keyword.status>10,8</keyword.status>
            <expired.cron.exp>0 0/15 * * * ?</expired.cron.exp>
            <banner.status>10,8</banner.status>
            <promo.cron.exp>0 0/15 * * * ?</promo.cron.exp>
            <attributes.cron.exp>0 0 8-4/2 * * ?</attributes.cron.exp>
            <attributes.scheduled.cron.exp>0 0 6 * * ?</attributes.scheduled.cron.exp>
            <data.source>BBY.com</data.source>
            <promo.status>10,8</promo.status>
            <delete.cron.exp>0 0 0 L * ?</delete.cron.exp>
            <keyword.cron.exp>0 0/15 * * * ?</keyword.cron.exp>
            <facet.status>10,8</facet.status>
            <daas.requestor.id>Dotcom</daas.requestor.id>
            <synonym.cron.exp>0 0/15 * * * ?</synonym.cron.exp>
        </Scheduler>
        <Scheduler name="AFJobs">
            <facet.cron.exp>0 0/1 * * * ?</facet.cron.exp>
            <banner.cron.exp>0 0/1 * * * ?</banner.cron.exp>
            <synonym.status>3,8,10</synonym.status>
            <keyword.status>3,8,10</keyword.status>
            <banner.status>3,8,10</banner.status>
            <promo.cron.exp>0 0/1 * * * ?</promo.cron.exp>
            <data.source>BBY.com</data.source>
            <promo.status>3,8,10</promo.status>
            <keyword.cron.exp>0 0/1 * * * ?</keyword.cron.exp>
            <facet.status>3,8,10</facet.status>
            <daas.requestor.id>Dotcom</daas.requestor.id>
            <synonym.cron.exp>0 0/1 * * * ?</synonym.cron.exp>
        </Scheduler>
        <Category name="CategoryXSL">
            <category.tree.xsl.path>/META-INF/stylesheets/categoryTree.xsl</category.tree.xsl.path>
            <category.nodes.xsl.path>/META-INF/stylesheets/categoryNodes.xsl</category.nodes.xsl.path>
        </Category>
    </environment>
</environments>
