<?xml version="1.0" encoding="UTF-8" standalone="no"?>
<project xmlns="http://maven.apache.org/POM/4.0.0" xmlns:xsi="http://www.w3.org/2001/XMLSchema-instance" xsi:schemaLocation="http://maven.apache.org/POM/4.0.0 http://maven.apache.org/maven-v4_0_0.xsd">
	<modelVersion>4.0.0</modelVersion>
	<groupId>com.bestbuy.search.merchandising</groupId>
	<artifactId>MerchandisingUI</artifactId>
	<packaging>war</packaging>
	<version>13.08.1.20-SNAPSHOT</version>
	<name>MerchandisingUI</name>
	<scm>
		<connection>scm:svn:https://code.bestbuy.com/svn/dotcom/search-merchtools/trunk/BusinessTool</connection>
		<developerConnection>scm:svn:https://code.bestbuy.com/svn/dotcom/search-merchtools/trunk/BusinessTool</developerConnection>
	</scm>
	<properties>
		<coordinator.version>${project.version}</coordinator.version>
		<roo.version>1.1.5.RELEASE</roo.version>
		<spring.version>3.0.5.RELEASE</spring.version>
		<aspectj.version>1.6.11</aspectj.version>
		<slf4j.version>1.6.1</slf4j.version>
		<project.build.sourceEncoding>UTF-8</project.build.sourceEncoding>
		<spring-security.version>3.0.5.RELEASE</spring-security.version>
		<log4j.file>log4j-dev.xml</log4j.file>
		<project.build.directory>target</project.build.directory>
	</properties>
	<repositories>
		<repository>
			<snapshots>
				<enabled>false</enabled>
			</snapshots>
			<id>artifactory-libs-release</id>
			<name>libs-release</name>
			<url>https://code.bestbuy.com/artifactory/libs-release</url>
		</repository>
		<repository>
			<snapshots>
				<enabled>true</enabled>
				<updatePolicy>always</updatePolicy>
			</snapshots>
			<id>artifactory-libs-snapshot</id>
			<name>libs-snapshot</name>
			<url>https://code.bestbuy.com/artifactory/libs-snapshot</url>
		</repository>
	</repositories>
	<distributionManagement>
		<repository>
			<id>artifactory-local-releases</id>
			<name>artifactory-local-releases</name>
			<url>https://code.bestbuy.com/artifactory/libs-release-local</url>
		</repository>
		<snapshotRepository>
			<id>artifactory-local-snapshot</id>
			<name>artifactory-local-snapshot</name>
			<url>https://code.bestbuy.com/artifactory/libs-snapshot-local</url>
		</snapshotRepository>
	</distributionManagement>
	<dependencies>
		<!-- General dependencies for standard applications -->
		<dependency>
			<groupId>junit</groupId>
			<artifactId>junit</artifactId>
			<version>4.8.2</version>
			<scope>test</scope>
		</dependency>
		<dependency>
			<groupId>com.sun.jersey</groupId>
			<artifactId>jersey-json</artifactId>
			<version>1.12</version>
		</dependency>
		<dependency>
			<groupId>javax.ws.rs</groupId>
			<artifactId>jsr311-api</artifactId>
			<version>1.1.1</version>
		</dependency>
		<dependency>
			<groupId>org.json</groupId>
			<artifactId>json</artifactId>
			<version>20090211</version>
		</dependency>
		<dependency>
			<groupId>log4j</groupId>
			<artifactId>log4j</artifactId>
			<version>1.2.16</version>
		</dependency>
		<dependency>
			<groupId>org.slf4j</groupId>
			<artifactId>slf4j-api</artifactId>
			<version>${slf4j.version}</version>
		</dependency>
		<dependency>
			<groupId>org.slf4j</groupId>
			<artifactId>jcl-over-slf4j</artifactId>
			<version>${slf4j.version}</version>
		</dependency>
		<dependency>
			<groupId>org.slf4j</groupId>
			<artifactId>slf4j-log4j12</artifactId>
			<version>${slf4j.version}</version>
		</dependency>
		<dependency>
			<groupId>org.aspectj</groupId>
			<artifactId>aspectjrt</artifactId>
			<version>${aspectj.version}</version>
		</dependency>
		<dependency>
			<groupId>org.aspectj</groupId>
			<artifactId>aspectjweaver</artifactId>
			<version>${aspectj.version}</version>
		</dependency>
		<dependency>
			<groupId>javax.servlet</groupId>
			<artifactId>servlet-api</artifactId>
			<version>2.5</version>
			<scope>provided</scope>
		</dependency>
		<dependency>
			<groupId>net.sf.flexjson</groupId>
			<artifactId>flexjson</artifactId>
			<version>2.1</version>
		</dependency>
		<dependency>
			<groupId>ojdbc</groupId>
			<artifactId>ojdbc</artifactId>
			<version>14</version>
		</dependency>

		<!-- ROO dependencies -->
		<dependency>
			<groupId>org.springframework.roo</groupId>
			<artifactId>org.springframework.roo.annotations</artifactId>
			<version>${roo.version}</version>
			<scope>provided</scope>
		</dependency>
		<!-- Spring dependencies -->
		<dependency>
			<groupId>org.springframework</groupId>
			<artifactId>spring-core</artifactId>
			<version>${spring.version}</version>
			<exclusions>
				<exclusion>
					<groupId>commons-logging</groupId>
					<artifactId>commons-logging</artifactId>
				</exclusion>
			</exclusions>
		</dependency>
		<dependency>
			<groupId>org.springframework</groupId>
			<artifactId>spring-test</artifactId>
			<version>${spring.version}</version>
			<scope>test</scope>
			<exclusions>
				<exclusion>
					<groupId>commons-logging</groupId>
					<artifactId>commons-logging</artifactId>
				</exclusion>
			</exclusions>
		</dependency>
		<dependency>
			<groupId>org.springframework</groupId>
			<artifactId>spring-context</artifactId>
			<version>${spring.version}</version>
		</dependency>
		<dependency>
			<groupId>org.springframework</groupId>
			<artifactId>spring-aop</artifactId>
			<version>${spring.version}</version>
		</dependency>
		<dependency>
			<groupId>org.springframework</groupId>
			<artifactId>spring-aspects</artifactId>
			<version>${spring.version}</version>
		</dependency>
		<dependency>
			<groupId>org.springframework</groupId>
			<artifactId>spring-tx</artifactId>
			<version>${spring.version}</version>
		</dependency>

		<dependency>
			<groupId>org.hibernate</groupId>
			<artifactId>hibernate-core</artifactId>
			<version>3.6.4.Final</version>
			<classifier />
		</dependency>
		<dependency>
			<groupId>org.hibernate</groupId>
			<artifactId>hibernate-entitymanager</artifactId>
			<version>3.6.4.Final</version>
			<classifier />
			<exclusions>
				<exclusion>
					<groupId>cglib</groupId>
					<artifactId>cglib</artifactId>
				</exclusion>
				<exclusion>
					<groupId>dom4j</groupId>
					<artifactId>dom4j</artifactId>
				</exclusion>
			</exclusions>
		</dependency>
		<dependency>
			<groupId>org.hibernate.javax.persistence</groupId>
			<artifactId>hibernate-jpa-2.0-api</artifactId>
			<version>1.0.0.Final</version>
			<classifier />
		</dependency>
		<dependency>
			<groupId>org.hibernate</groupId>
			<artifactId>hibernate-validator</artifactId>
			<version>4.1.0.Final</version>
			<classifier />
			<exclusions>
				<exclusion>
					<groupId>javax.xml.bind</groupId>
					<artifactId>jaxb-api</artifactId>
				</exclusion>
				<exclusion>
					<groupId>com.sun.xml.bind</groupId>
					<artifactId>jaxb-impl</artifactId>
				</exclusion>
			</exclusions>
		</dependency>
		<dependency>
			<groupId>javax.validation</groupId>
			<artifactId>validation-api</artifactId>
			<version>1.0.0.GA</version>
			<classifier />
		</dependency>
		<dependency>
			<groupId>cglib</groupId>
			<artifactId>cglib-nodep</artifactId>
			<version>2.2</version>
			<classifier />
		</dependency>
		<dependency>
			<groupId>javax.transaction</groupId>
			<artifactId>jta</artifactId>
			<version>1.1</version>
			<classifier />
		</dependency>
		<dependency>
			<groupId>org.springframework</groupId>
			<artifactId>spring-jdbc</artifactId>
			<version>${spring.version}</version>
			<classifier />
		</dependency>
		<dependency>
			<groupId>org.springframework</groupId>
			<artifactId>spring-orm</artifactId>
			<version>${spring.version}</version>
			<classifier />
		</dependency>
		<dependency>
			<groupId>commons-pool</groupId>
			<artifactId>commons-pool</artifactId>
			<version>1.5.4</version>
			<classifier />
			<exclusions>
				<exclusion>
					<groupId>commons-logging</groupId>
					<artifactId>commons-logging</artifactId>
				</exclusion>
			</exclusions>
		</dependency>
		<dependency>
			<groupId>commons-dbcp</groupId>
			<artifactId>commons-dbcp</artifactId>
			<version>1.3</version>
			<classifier />
			<exclusions>
				<exclusion>
					<groupId>commons-logging</groupId>
					<artifactId>commons-logging</artifactId>
				</exclusion>
				<exclusion>
					<groupId>commons-pool</groupId>
					<artifactId>commons-pool</artifactId>
				</exclusion>
				<exclusion>
					<groupId>xerces</groupId>
					<artifactId>xerces</artifactId>
				</exclusion>
				<exclusion>
					<groupId>xerces</groupId>
					<artifactId>xercesImpl</artifactId>
				</exclusion>
				<exclusion>
					<groupId>xml-apis</groupId>
					<artifactId>xml-apis</artifactId>
				</exclusion>
			</exclusions>
		</dependency>
		<dependency>
			<groupId>org.springframework.security</groupId>
			<artifactId>spring-security-openid</artifactId>
			<version>3.0.5.RELEASE</version>
		</dependency>
		<dependency>
			<groupId>org.openid4java</groupId>
			<artifactId>openid4java</artifactId>
			<version>0.9.5</version>
		</dependency>
		<dependency>
			<groupId>org.springframework</groupId>
			<artifactId>spring-web</artifactId>
			<version>${spring.version}</version>
			<classifier />
			<exclusions>
				<exclusion>
					<groupId>commons-logging</groupId>
					<artifactId>commons-logging</artifactId>
				</exclusion>
			</exclusions>
		</dependency>
		<dependency>
			<groupId>org.springframework</groupId>
			<artifactId>spring-webmvc</artifactId>
			<version>${spring.version}</version>
			<classifier />
			<exclusions>
				<exclusion>
					<groupId>commons-logging</groupId>
					<artifactId>commons-logging</artifactId>
				</exclusion>
			</exclusions>
		</dependency>
		<dependency>
			<groupId>org.springframework.webflow</groupId>
			<artifactId>spring-js-resources</artifactId>
			<version>2.2.1.RELEASE</version>
			<classifier />
		</dependency>
		<dependency>
			<groupId>commons-digester</groupId>
			<artifactId>commons-digester</artifactId>
			<version>2.0</version>
			<classifier />
			<exclusions>
				<exclusion>
					<groupId>commons-logging</groupId>
					<artifactId>commons-logging</artifactId>
				</exclusion>
			</exclusions>
		</dependency>
		<dependency>
			<groupId>commons-fileupload</groupId>
			<artifactId>commons-fileupload</artifactId>
			<version>1.2.1</version>
			<classifier />
			<exclusions>
				<exclusion>
					<groupId>commons-logging</groupId>
					<artifactId>commons-logging</artifactId>
				</exclusion>
			</exclusions>
		</dependency>
		<dependency>
			<groupId>javax.servlet.jsp.jstl</groupId>
			<artifactId>jstl-api</artifactId>
			<version>1.2</version>
			<classifier />
		</dependency>
		<dependency>
			<groupId>org.glassfish.web</groupId>
			<artifactId>jstl-impl</artifactId>
			<version>1.2</version>
			<classifier />
		</dependency>
		<dependency>
			<groupId>javax.el</groupId>
			<artifactId>el-api</artifactId>
			<version>1.0</version>
			<scope>provided</scope>
			<classifier />
		</dependency>
		<dependency>
			<groupId>joda-time</groupId>
			<artifactId>joda-time</artifactId>
			<version>1.6</version>
		</dependency>
		<dependency>
			<groupId>javax.servlet.jsp</groupId>
			<artifactId>jsp-api</artifactId>
			<version>2.1</version>
			<scope>provided</scope>
			<classifier />
		</dependency>
		<dependency>
			<groupId>commons-codec</groupId>
			<artifactId>commons-codec</artifactId>
			<version>1.4</version>
			<classifier />
		</dependency>
		<dependency>
			<groupId>org.apache.tiles</groupId>
			<artifactId>tiles-core</artifactId>
			<version>2.2.1</version>
			<classifier />
			<exclusions>
				<exclusion>
					<groupId>commons-logging</groupId>
					<artifactId>commons-logging</artifactId>
				</exclusion>
			</exclusions>
		</dependency>
		<dependency>
			<groupId>org.apache.tiles</groupId>
			<artifactId>tiles-jsp</artifactId>
			<version>2.2.1</version>
		</dependency>
		<dependency>
			<groupId>org.springframework.security</groupId>
			<artifactId>spring-security-core</artifactId>
			<version>${spring-security.version}</version>
			<classifier />
			<exclusions>
				<exclusion>
					<groupId>commons-logging</groupId>
					<artifactId>commons-logging</artifactId>
				</exclusion>
			</exclusions>
		</dependency>
		<dependency>
			<groupId>org.springframework.security</groupId>
			<artifactId>spring-security-config</artifactId>
			<version>${spring-security.version}</version>
			<classifier />
			<exclusions>
				<exclusion>
					<groupId>commons-logging</groupId>
					<artifactId>commons-logging</artifactId>
				</exclusion>
			</exclusions>
		</dependency>
		<dependency>
			<groupId>org.springframework.security</groupId>
			<artifactId>spring-security-web</artifactId>
			<version>${spring-security.version}</version>
			<classifier />
		</dependency>
		<dependency>
			<groupId>org.springframework.security</groupId>
			<artifactId>spring-security-taglibs</artifactId>
			<version>${spring-security.version}</version>
			<classifier />
		</dependency>
		<dependency>
			<groupId>org.springframework.security</groupId>
			<artifactId>spring-security-ldap</artifactId>
			<version>${spring-security.version}</version>
			<classifier />
		</dependency>
		<dependency>
			<groupId>commons-lang</groupId>
			<artifactId>commons-lang</artifactId>
			<version>2.6</version>
		</dependency>

		<dependency>
			<groupId>commons-collections</groupId>
			<artifactId>commons-collections</artifactId>
			<version>3.2</version>
		</dependency>

		<dependency>
			<groupId>org.mockito</groupId>
			<artifactId>mockito-all</artifactId>
			<version>1.9.0</version>
		</dependency>
		<dependency>
			<groupId>org.mockito</groupId>
			<artifactId>mockito-core</artifactId>
			<version>1.9.0</version>
		</dependency>
		<!-- Lakshmi Spring Jobs -->
		<dependency>
			<groupId>org.springframework.batch</groupId>
			<artifactId>spring-batch-core</artifactId>
			<version>2.1.8.RELEASE</version>
		</dependency>
		<!-- Quartz framework -->
		<dependency>
			<groupId>org.quartz-scheduler</groupId>
			<artifactId>quartz</artifactId>
			<version>1.8.6</version>
		</dependency>
		<!-- EHCache -->
		<dependency>
			<groupId>com.googlecode.ehcache-spring-annotations</groupId>
			<artifactId>ehcache-spring-annotations</artifactId>
			<version>1.2.0</version>
		</dependency>
		<dependency>
			<groupId>org.springframework</groupId>
			<artifactId>spring-context-support</artifactId>
			<version>${spring.version}</version>
		</dependency>
		<dependency>
			<groupId>org.apache.solr</groupId>
			<artifactId>solr-solrj</artifactId>
			<version>4.0.0</version>
		</dependency>
		<dependency>
			<groupId>com.bestbuy.search.foundation.search.commons</groupId>
 			<artifactId>search-commons</artifactId>
  			<version>${coordinator.version}</version>
		</dependency>
	</dependencies>
	<build>
		<defaultGoal>compile</defaultGoal>
		<plugins>
			<plugin>
    			  <groupId>org.apache.maven.plugins</groupId>
        		  <artifactId>maven-release-plugin</artifactId>
	    		  <configuration>
	            	    <arguments>-DskipTests</arguments>
		          </configuration>
			</plugin>

			<plugin>
				<artifactId>maven-antrun-plugin</artifactId>
				<executions>
					<execution>
						<phase>process-resources</phase>
						<configuration>
							<tasks>
								<copy file="src/main/resources/${log4j.file}" tofile="target/classes/log4j.xml" overwrite="true" />
								<copy file="src/main/resources/${db.property.file}" tofile="target/classes/env-config.xml" overwrite="true" />
							</tasks>
						</configuration>
						<goals>
							<goal>run</goal>
						</goals>
					</execution>
				</executions>
			</plugin>
			<plugin>
				<groupId>org.apache.maven.plugins</groupId>
				<artifactId>maven-compiler-plugin</artifactId>
				<version>2.3.2</version>
				<configuration>
					<source>1.6</source>
					<target>1.6</target>
					<encoding>UTF-8</encoding>
				</configuration>
			</plugin>
			<plugin>
				<groupId>org.codehaus.mojo</groupId>
				<artifactId>aspectj-maven-plugin</artifactId>
				<version>1.2</version> <!-- NB: do use 1.3 or 1.3.x due to MASPECTJ-90 - wait for 1.4 -->
				<dependencies>
					<!-- NB: You must use Maven 2.0.9 or above or these are ignored (see 
						MNG-2972) -->
					<dependency>
						<groupId>org.aspectj</groupId>
						<artifactId>aspectjrt</artifactId>
						<version>${aspectj.version}</version>
					</dependency>
					<dependency>
						<groupId>org.aspectj</groupId>
						<artifactId>aspectjtools</artifactId>
						<version>${aspectj.version}</version>
					</dependency>
				</dependencies>
				<executions>
					<execution>
						<goals>
							<goal>compile</goal>
							<goal>test-compile</goal>
						</goals>
					</execution>
				</executions>
				<configuration>
					<outxml>true</outxml>
					<aspectLibraries>
						<aspectLibrary>
							<groupId>org.springframework</groupId>
							<artifactId>spring-aspects</artifactId>
						</aspectLibrary>
					</aspectLibraries>
					<source>1.6</source>
					<target>1.6</target>
				</configuration>
			</plugin>
			<plugin>
				<groupId>org.apache.maven.plugins</groupId>
				<artifactId>maven-resources-plugin</artifactId>
				<version>2.5</version>
				<configuration>
					<encoding>UTF-8</encoding>
				</configuration>
			</plugin>
			<plugin>
				<groupId>org.apache.maven.plugins</groupId>
				<artifactId>maven-surefire-plugin</artifactId>
				<version>2.8</version>
				<configuration>
					<printSummary>false</printSummary>
					<redirectTestOutputToFile>true</redirectTestOutputToFile>
					<excludes>
						<exclude>**/*_Roo_*</exclude>
						<exclude>com/bestbuy/search/mechandising/workflow/**/*.class</exclude>  <!-- // TODO remove this line after ending the test cases for workflow -->
					</excludes>
				</configuration>
			</plugin>
			<plugin>
				<groupId>org.apache.maven.plugins</groupId>
				<artifactId>maven-assembly-plugin</artifactId>
				<version>2.2.1</version>
				<configuration>
					<descriptorRefs>
						<descriptorRef>jar-with-dependencies</descriptorRef>
					</descriptorRefs>
				</configuration>
			</plugin>
			<plugin>
				<groupId>org.apache.maven.plugins</groupId>
				<artifactId>maven-deploy-plugin</artifactId>
				<version>2.6</version>
			</plugin>
			<!-- IDE -->
			<plugin>
				<groupId>org.apache.maven.plugins</groupId>
				<artifactId>maven-eclipse-plugin</artifactId>
				<version>2.7</version>  <!-- Note 2.8 does not work with AspectJ aspect path -->
				<configuration>
					<downloadSources>true</downloadSources>
					<downloadJavadocs>false</downloadJavadocs>
					<wtpversion>2.0</wtpversion>
					<additionalBuildcommands>
						<buildCommand>
							<name>org.eclipse.ajdt.core.ajbuilder</name>
							<arguments>
								<aspectPath>org.springframework.aspects</aspectPath>
							</arguments>
						</buildCommand>
						<buildCommand>
							<name>org.springframework.ide.eclipse.core.springbuilder</name>
						</buildCommand>
					</additionalBuildcommands>
					<additionalProjectnatures>
						<projectnature>org.eclipse.ajdt.ui.ajnature</projectnature>
						<projectnature>com.springsource.sts.roo.core.nature</projectnature>
						<projectnature>org.springframework.ide.eclipse.core.springnature</projectnature>
					</additionalProjectnatures>
				</configuration>
			</plugin>
			<plugin>
				<groupId>org.apache.maven.plugins</groupId>
				<artifactId>maven-idea-plugin</artifactId>
				<version>2.2</version>
				<configuration>
					<downloadSources>true</downloadSources>
					<dependenciesAsLibraries>true</dependenciesAsLibraries>
				</configuration>
			</plugin>
			<plugin>
				<groupId>org.codehaus.mojo</groupId>
				<artifactId>tomcat-maven-plugin</artifactId>
				<version>1.1</version>
			</plugin>
			<plugin>
				<groupId>org.mortbay.jetty</groupId>
				<artifactId>jetty-maven-plugin</artifactId>
				<version>7.4.2.v20110526</version>
				<configuration>
					<webAppConfig>
						<contextPath>/${project.name}</contextPath>
					</webAppConfig>
				</configuration>
			</plugin>
            
            <plugin>
                <groupId>com.google.code.maven-svn-revision-number-plugin</groupId>
                <artifactId>svn-revision-number-maven-plugin</artifactId>
                <version>1.13</version>
                <executions>
                    <execution>
                        <goals>
                            <goal>revision</goal>
                        </goals>
                        <configuration>
                            <entries>
                                <entry>
                                    <prefix>subversion</prefix>
                                </entry>
                            </entries>
                        </configuration>
                    </execution>
                </executions>
            </plugin>
            <plugin>
                <groupId>org.codehaus.mojo</groupId>
                <artifactId>buildnumber-maven-plugin</artifactId>
                <version>1.2</version>
                <executions>
                    <execution>
                        <phase>validate</phase>
                        <goals>
                            <goal>create</goal>
                        </goals>
                    </execution>
                </executions>
		    <dependencies>
		            <dependency>
			        <groupId>org.tmatesoft.svnkit</groupId>
				<artifactId>svnkit</artifactId>
				<version>1.7.4-v1</version>
			</dependency>
		   </dependencies>
                <configuration>
                    <doCheck>false</doCheck>
                    <doUpdate>false</doUpdate>
                    <useLastCommittedRevision>true</useLastCommittedRevision>
                    <providerImplementations>
                        <svn>javasvn</svn>
                    </providerImplementations>
                    <buildNumberPropertiesFileLocation>${basedir}/src/main/resources/META-INF/buildNumber.properties</buildNumberPropertiesFileLocation>
                    <format>{0,number}</format>
                    <items>
                        <item>buildNumber</item>
                    </items>
                    <shortRevisionLength>10</shortRevisionLength>
                </configuration>
            </plugin>
            <plugin>
                <groupId>org.apache.maven.plugins</groupId>
                <artifactId>maven-war-plugin</artifactId>
                <version>2.2</version>
                <configuration>
                    <archive>
                        <manifest>
                            <addDefaultImplementationEntries>false</addDefaultImplementationEntries>
                        </manifest>
                        <manifestEntries>
                            <Name>${project.name}</Name>
                            <Artifact>${project.artifactId}</Artifact>
                            <Group>${project.groupId}</Group>
                            <Version>${project.version}</Version>
                            <Implementation-Build>${buildNumber}</Implementation-Build>
                            <SCM-Revision>${subversion.revision}</SCM-Revision>
                            <SCM-Branch>${scmBranch}</SCM-Branch>
                            <Build-Time>${maven.build.timestamp}</Build-Time>
                        </manifestEntries>
                    </archive>
                </configuration>
            </plugin>
            <plugin>
                <artifactId>maven-antrun-plugin</artifactId>
                <dependencies>
                    <dependency>
                        <groupId>ant</groupId>
                        <artifactId>ant-nodeps</artifactId>
                        <version>1.6.5</version>
                    </dependency>
                </dependencies>
                <executions>
                    <execution>
                        <id>build-props</id>
                        <phase>compile</phase>
                        <configuration>
                            <tasks>
                                <propertyfile file="${basedir}/src/main/resources/META-INF/${project.artifactId}-build.properties">
                                    <entry key="Name" value="${project.name}" />
                                    <entry key="Artifact" value="${project.artifactId}" />
                                    <entry key="Group" value="${project.groupId}" />
                                    <entry key="Version" value="${project.version}" />
                                    <entry key="SCM-Revision" value="${subversion.revision}" />
                                    <entry key="SCM-Branch" value="${scmBranch}" />
                                    <entry key="Build-Time" value="${maven.build.timestamp}" />
                                </propertyfile>
                            </tasks>
                        </configuration>
                        <goals>
                            <goal>run</goal>
                        </goals>
                    </execution>
                </executions>
            </plugin>
            <!-- End Javascript Related -->
		</plugins>
		<pluginManagement>
			<plugins>
				<!--This plugin's configuration is used to store Eclipse m2e settings 
					only. It has no influence on the Maven build itself. -->
				<plugin>
					<groupId>org.eclipse.m2e</groupId>
					<artifactId>lifecycle-mapping</artifactId>
					<version>1.0.0</version>
					<configuration>
						<lifecycleMappingMetadata>
							<pluginExecutions>
								<pluginExecution>
									<pluginExecutionFilter>
										<groupId>
											org.apache.maven.plugins
										</groupId>
										<artifactId>
											maven-antrun-plugin
										</artifactId>
										<versionRange>
											[1.3,)
										</versionRange>
										<goals>
											<goal>run</goal>
										</goals>
									</pluginExecutionFilter>
									<action>
										<ignore />
									</action>
								</pluginExecution>
							</pluginExecutions>
						</lifecycleMappingMetadata>
					</configuration>
				</plugin>
			</plugins>
		</pluginManagement>
		<resources>
			<resource>
				<directory>src/main/resources</directory>
				<excludes>
					<exclude>env-config_*.xml</exclude>
					<exclude>log4j-*.*</exclude>
				</excludes>
			</resource>
		</resources>
	</build>
	<profiles>
		<!-- Dev Environment Profile -->
		<profile>
			<id>envdev</id>
			<activation>
				<activeByDefault>false</activeByDefault>
			</activation>
			<properties>
				<build.profile.id>dev</build.profile.id>
				<env.name>dev</env.name>
				<log4j.file>log4j-dev.xml</log4j.file>
				<db.property.file>env-config.xml</db.property.file>
			</properties>
		</profile>
		<!-- QA1 Environment Profile -->
		<profile>
			<id>envqa1</id>
			<activation>
				<activeByDefault>false</activeByDefault>
			</activation>
			<properties>
				<build.profile.id>qa1</build.profile.id>
				<env.name>qa1</env.name>
				<log4j.file>log4j-qa.xml</log4j.file>
				<db.property.file>env-config.xml</db.property.file>
			</properties>
		</profile>
		<!-- QA2 Environment Profile -->
		<profile>
			<id>envqa2</id>
			<activation>
				<activeByDefault>false</activeByDefault>
			</activation>
			<properties>
				<build.profile.id>qa2</build.profile.id>
				<env.name>qa2</env.name>
				<log4j.file>log4j-qa.xml</log4j.file>
				<db.property.file>env-config.xml</db.property.file>
			</properties>
		</profile>
		<!-- QA3 Environment Profile -->
		<profile>
			<id>envqa3</id>
			<activation>
				<activeByDefault>true</activeByDefault>
			</activation>
			<properties>
				<env.name>qa3</env.name>
				<log4j.file>log4j-qa.xml</log4j.file>
				<db.property.file>env-config.xml</db.property.file>
			</properties>
		</profile>
		<!-- PROD Environment Profile -->
		<profile>
			<id>envprod</id>
			<activation>
				<activeByDefault>false</activeByDefault>
			</activation>
			<properties>
				<env.name>prod</env.name>
				<log4j.file>log4j-prod.xml</log4j.file>
				<db.property.file>env-config.xml</db.property.file>
			</properties>
		</profile>
	</profiles>
</project>
