<environments>
	<environment default="true" desc="QA 1 environment" name="qa1">
		<Database name="db">
			<host>dldolsdb01</host>
			<port>1525</port>
			<driverClassName>oracle.jdbc.OracleDriver</driverClassName>
			<username>biz_tool2</username>
			<password>od1pcmbiz</password>
			<dbname>od1pcm_01</dbname>
			<type>oracle</type>
		</Database>
		<WebService name="ldap">
			<port>389</port>
			<password>Test@1234specials</password>
			<context>o=bestbuy.com</context>
			<host>devdirectory.bestbuy.com</host>
			<protocol>ldap</protocol>
			<timeout>30000</timeout>
			<username />
		</WebService>
		<WebService name="DaaSAF">
			<port>8080</port>
			<password />
			<context>solr/DaaS/daas/service/jsonreceive/</context>
			<host>168.94.73.61</host>
			<protocol>http</protocol>
			<timeout>30000</timeout>
			<username />
		</WebService>
		<WebService name="DaaSCF">
			<port>8080</port>
			<password />
			<context>solr/DaaS/daas/service/jsonreceive/</context>
			<host>168.94.73.61</host>
			<protocol>http</protocol>
			<timeout>30000</timeout>
			<username />
		</WebService>
		<WebService name="ExternalWS">
			<port>8080</port>
			<password />
			<context>search-api</context>
			<suggest.query.uri>/suggest/?term=</suggest.query.uri>
			<search.site.uri>/search/</search.site.uri>
			<host>168.94.73.181</host>
			<protocol>http</protocol>
			<timeout>30000</timeout>
			<username />
		</WebService>
		<WebService name="solr">
			<port>8080</port>
			<password />
			<context>solr/products</context>
			<host>168.94.73.181</host>
			<protocol>http</protocol>
			<timeout>30000</timeout>
			<username />
		</WebService>
		<Scheduler name="CFJobs">
			<daas.requestor.id>Dotcom</daas.requestor.id>
			<data.source>BBY.com</data.source>
			<synonym.status>3,8</synonym.status>
			<synonym.cron.exp>0 0/30 * * * ?</synonym.cron.exp>
			<keyword.status>3,8</keyword.status>
			<keyword.cron.exp>0 0/40 * * * ?</keyword.cron.exp>
			<promo.status>3,8</promo.status>
			<promo.cron.exp>0 0/50 * * * ?</promo.cron.exp>
			<banner.status>3,8</banner.status>
			<banner.cron.exp>0 0/60 * * * ?</banner.cron.exp>
			<facet.status>3,8</facet.status>
			<facet.cron.exp>0 0/60 * * * ?</facet.cron.exp>
			<expired.cron.exp>0 0 0 * * ?</expired.cron.exp>
			<delete.cron.exp>0 0 0 L * ?</delete.cron.exp>
			<attributes.cron.exp>0 0 0 * * ?</attributes.cron.exp>
		</Scheduler>
		<Scheduler name="AFJobs">
			<daas.requestor.id>BBY.com</daas.requestor.id>
			<data.source>BBY.com</data.source>
			<synonym.status>3,8</synonym.status>
			<synonym.cron.exp>0 0/5 * * * ?</synonym.cron.exp>
			<keyword.status>3,8</keyword.status>
			<keyword.cron.exp>0 0/5 * * * ?</keyword.cron.exp>
			<promo.status>3,8</promo.status>
			<promo.cron.exp>0 0/5 * * * ?</promo.cron.exp>
			<banner.status>3,8</banner.status>
			<banner.cron.exp>0 0/5 * * * ?</banner.cron.exp>
			<facet.status>3,8</facet.status>
			<facet.cron.exp>0 0/5 * * * ?</facet.cron.exp>
		</Scheduler>
		<Category name="CategoryXSL">
			<category.nodes.xsl.path>/META-INF/stylesheets/categoryNodes.xsl
			</category.nodes.xsl.path>
			<category.tree.xsl.path>/META-INF/stylesheets/categoryTree.xsl
			</category.tree.xsl.path>
		</Category>
	</environment>
	<environment default="false" desc="QA 2 environment" name="qa2">
		<Database name="db">
			<host>dldolsdb01</host>
			<port>1525</port>
			<driverClassName>oracle.jdbc.OracleDriver</driverClassName>
			<username>biz_tool</username>
			<password>od1pcmbiz</password>
			<dbname>od1pcm_01</dbname>
			<type>oracle</type>
		</Database>
		<WebService name="ldap">
			<port>389</port>
			<password>Test@1234specials</password>
			<context>o=bestbuy.com</context>
			<host>devdirectory.bestbuy.com</host>
			<protocol>ldap</protocol>
			<timeout>30000</timeout>
			<username />
		</WebService>
		<WebService name="DaaSAF">
			<port>8080</port>
			<password />
			<context>solr/DaaS/daas/service/jsonreceive/</context>
			<host>168.94.73.45</host>
			<protocol>http</protocol>
			<timeout>30000</timeout>
			<username />
		</WebService>
		<WebService name="DaaSCF">
			<port>8080</port>
			<password />
			<context>solr/DaaS/daas/service/jsonreceive/</context>
			<host>168.94.73.45</host>
			<protocol>http</protocol>
			<timeout>30000</timeout>
			<username />
		</WebService>
		<WebService name="ExternalWS">
			<port>8080</port>
			<password />
			<context>search-api</context>
			<suggest.query.uri>/suggest/?term=</suggest.query.uri>
			<search.site.uri>/search/</search.site.uri>
			<host>168.94.73.43</host>
			<protocol>http</protocol>
			<timeout>30000</timeout>
			<username />
		</WebService>
		<WebService name="solr">
			<port>8080</port>
			<password />
			<context>solr/products</context>
			<host>168.94.73.181</host>
			<protocol>http</protocol>
			<timeout>30000</timeout>
			<username />
		</WebService>
		<Scheduler name="CFJobs">
			<daas.requestor.id>Dotcom</daas.requestor.id>
			<data.source>BBY.com</data.source>
			<synonym.status>3,8</synonym.status>
			<synonym.cron.exp>0 0/30 * * * ?</synonym.cron.exp>
			<keyword.status>3,8</keyword.status>
			<keyword.cron.exp>0 0/40 * * * ?</keyword.cron.exp>
			<promo.status>3,8</promo.status>
			<promo.cron.exp>0 0/50 * * * ?</promo.cron.exp>
			<banner.status>3,8</banner.status>
			<banner.cron.exp>0 0/60 * * * ?</banner.cron.exp>
			<facet.status>3,8</facet.status>
			<facet.cron.exp>0 0/60 * * * ?</facet.cron.exp>
			<expired.cron.exp>0 0 0 * * ?</expired.cron.exp>
			<delete.cron.exp>0 0 0 L * ?</delete.cron.exp>
			<attributes.cron.exp>0 0 0 * * ?</attributes.cron.exp>
		</Scheduler>
		<Scheduler name="AFJobs">
			<daas.requestor.id>BBY.com</daas.requestor.id>
			<data.source>BBY.com</data.source>
			<synonym.status>3,8</synonym.status>
			<synonym.cron.exp>0 0/5 * * * ?</synonym.cron.exp>
			<keyword.status>3,8</keyword.status>
			<keyword.cron.exp>0 0/5 * * * ?</keyword.cron.exp>
			<promo.status>3,8</promo.status>
			<promo.cron.exp>0 0/5 * * * ?</promo.cron.exp>
			<banner.status>3,8</banner.status>
			<banner.cron.exp>0 0/5 * * * ?</banner.cron.exp>
			<facet.status>3,8</facet.status>
			<facet.cron.exp>0 0/5 * * * ?</facet.cron.exp>
		</Scheduler>
		<Category name="CategoryXSL">
			<category.nodes.xsl.path>/META-INF/stylesheets/categoryNodes.xsl
			</category.nodes.xsl.path>
			<category.tree.xsl.path>/META-INF/stylesheets/categoryTree.xsl
			</category.tree.xsl.path>
		</Category>
	</environment>
	<environment default="false" desc="QA 3 environment" name="qa3">
		<Database name="db">
			<host>dldolsdb01</host>
			<port>1525</port>
			<driverClassName>oracle.jdbc.OracleDriver</driverClassName>
			<username>search</username>
			<password>Search</password>
			<dbname>od1pcm_01</dbname>
			<type>oracle</type>
		</Database>
		<WebService name="ldap">
			<port>389</port>
			<password>Hello@1234</password>
			<context>o=bestbuy.com</context>
			<host>qadirectory.bestbuy.com</host>
			<protocol>ldap</protocol>
			<timeout>30000</timeout>
			<username />
		</WebService>
		<WebService name="DaaSAF">
			<port>8080</port>
			<password />
			<context>solr/DaaS/daas/service/jsonreceive/</context>
			<host>168.94.73.184</host>
			<protocol>http</protocol>
			<timeout>30000</timeout>
			<username />
		</WebService>
		<WebService name="DaaSCF">
			<port>8080</port>
			<password />
			<context>solr/DaaS/daas/service/jsonreceive/</context>
			<host>168.94.73.184</host>
			<protocol>http</protocol>
			<timeout>30000</timeout>
			<username />
		</WebService>
		<WebService name="ExternalWS">
			<port>8080</port>
			<password />
			<context>search-api</context>
			<suggest.query.uri>/suggest/?term=</suggest.query.uri>
			<search.site.uri>/search/</search.site.uri>
			<host>168.94.73.43</host>
			<protocol>http</protocol>
			<timeout>30000</timeout>
			<username />
		</WebService>
		<WebService name="solr">
			<port>8080</port>
			<password />
			<context>solr/products</context>
			<host>168.94.73.181</host>
			<protocol>http</protocol>
			<timeout>30000</timeout>
			<username />
		</WebService>
		<Scheduler name="CFJobs">
			<daas.requestor.id>Dotcom</daas.requestor.id>
			<data.source>BBY.com</data.source>
			<synonym.status>3,8</synonym.status>
			<synonym.cron.exp>0 0/30 * * * ?</synonym.cron.exp>
			<keyword.status>3,8</keyword.status>
			<keyword.cron.exp>0 0/40 * * * ?</keyword.cron.exp>
			<promo.status>3,8</promo.status>
			<promo.cron.exp>0 0/50 * * * ?</promo.cron.exp>
			<banner.status>3,8</banner.status>
			<banner.cron.exp>0 0/60 * * * ?</banner.cron.exp>
			<facet.status>3,8</facet.status>
			<facet.cron.exp>0 0/60 * * * ?</facet.cron.exp>
			<expired.cron.exp>0 0 0 * * ?</expired.cron.exp>
			<delete.cron.exp>0 0 0 L * ?</delete.cron.exp>
			<attributes.cron.exp>0 0 0 * * ?</attributes.cron.exp>
		</Scheduler>
		<Scheduler name="AFJobs">
			<daas.requestor.id>BBY.com</daas.requestor.id>
			<data.source>BBY.com</data.source>
			<synonym.status>3,8</synonym.status>
			<synonym.cron.exp>0 0/5 * * * ?</synonym.cron.exp>
			<keyword.status>3,8</keyword.status>
			<keyword.cron.exp>0 0/5 * * * ?</keyword.cron.exp>
			<promo.status>3,8</promo.status>
			<promo.cron.exp>0 0/5 * * * ?</promo.cron.exp>
			<banner.status>3,8</banner.status>
			<banner.cron.exp>0 0/5 * * * ?</banner.cron.exp>
			<facet.status>3,8</facet.status>
			<facet.cron.exp>0 0/5 * * * ?</facet.cron.exp>
		</Scheduler>
		<Category name="CategoryXSL">
			<category.nodes.xsl.path>/META-INF/stylesheets/categoryNodes.xsl
			</category.nodes.xsl.path>
			<category.tree.xsl.path>/META-INF/stylesheets/categoryTree.xsl
			</category.tree.xsl.path>
		</Category>
	</environment>
</environments>
