<?xml version="1.0" encoding="UTF-8"?>
<environment>
<phresco>
<mobilewidget>
               
	           <billInfoEmailValue>Phresco@photoninfotech.net</billInfoEmailValue>
	           <billInfoFirstNameValue>John</billInfoFirstNameValue>
	           <billInfoLastNameValue>David</billInfoLastNameValue>
	           <billInfoCompanyValue>Photon</billInfoCompanyValue>
	           <billInfoAddress1Value>200 E MAIN ST PHOENIX AZ</billInfoAddress1Value>
	           <billInfoAddress2Value>421 E DRACHMAN TUCSON AZ</billInfoAddress2Value>
	           <billInfoCityValue>SEATTLE WA</billInfoCityValue>
	           <billInfoStateValue>Boston</billInfoStateValue>
	           <billInfoPostCodeValue>10019</billInfoPostCodeValue>
	           <billInfoPhoneNumberValue>+1 212-398-2449</billInfoPhoneNumberValue>
	           <billInfoCommentsValue>First order</billInfoCommentsValue>
			   
</mobilewidget>
</phresco>
</environment>